	param_model_config__colsample_bytree	param_model_config__gamma	param_model_config__learning_rate	param_model_config__min_child_weight	param_model_config__n_estimators	param_model_config__reg_lambda	param_model_conifg__max_depth	param_selector_estimator_config__n_clusters	split0_test_score	split1_test_score	split2_test_score	split3_test_score	split4_test_score	mean_test_score	std_test_score	rank_test_score
0	0.6305233157495829	3.921602081976562	0.03718635067633043	7.511186600478471	398	0.0017062829878430163	9	222	-37.933895	-226.32854	-2.4525461	-179.57886	-0.4864077	-89.35605	106.06117	135
1	0.6346973719359967	2.1549238310407923	0.010488173350748921	5.749883153386935	50	0.00018354619576988685	8	169	-38.05098	-226.46182	-2.4581969	-180.13107	-0.31607732	-89.48363	106.24215	214
2	0.8776126301687519	1.795267387594338	0.16193624274598412	3.3632539303905737	162	0.025246179740589205	2	184	-78.58151	-210.6771	-2.4881074	-179.14024	-0.33512715	-94.244415	97.784676	239
3	0.6921211516083859	2.787600604256549	0.15233625880424367	2.1985250118332513	245	0.10037820759012914	2	151	-71.068985	-226.09999	-2.4773204	-179.13687	-0.30760598	-95.81816	102.910965	244
4	0.7871011438979922	1.103760542459196	0.04350119050727972	4.3514622044655304	121	0.002483278923995014	5	214	-37.725826	-226.1563	-2.5374167	-179.59756	-0.42412445	-89.288246	106.03049	86
5	0.9074590026078038	1.638573918342045	0.05559077569074713	3.484441434976256	117	0.0017411531294131326	3	169	-75.03421	-213.432	-2.476045	-179.40915	-0.32910588	-94.1361	98.82966	237
6	0.9683974160524993	2.2233766043535486	0.035060306749138404	9.876008310599694	379	0.0005269949782291534	4	233	-37.88695	-226.16891	-2.4705446	-179.77768	-0.5005381	-89.36093	106.05103	141
7	0.770581429073977	3.2084613563058104	0.04789791979795337	4.733973805954989	322	0.04667056589451599	5	164	-37.24991	-226.38828	-2.5431592	-179.04375	-0.52983403	-89.150986	106.02256	47
8	0.9821873292011704	3.446277886439546	0.011725247540371561	3.779674163774174	310	0.016968916418416562	8	193	-47.92749	-214.58151	-2.47996	-178.94421	-0.32036567	-88.85071	101.11542	13
9	0.7791617388975647	3.3302432694613007	0.07259459674993006	8.547099688500134	385	0.00014407358738815926	8	188	-37.97575	-226.37799	-2.3745942	-179.18524	-0.5225094	-89.28722	105.99691	85
10	0.919557987111286	2.071703573097981	0.07724857183263156	5.517311401067938	247	0.1390806693696889	2	212	-37.59288	-225.65907	-2.4918442	-178.88747	-0.45445538	-89.01715	105.73803	17
11	0.9185562803130194	2.6597116272078987	0.039746036974966426	8.003922413895069	160	0.0006147547346303341	8	167	-37.98267	-226.31944	-2.4681141	-179.40826	-0.524213	-89.34054	106.00496	121
12	0.6947752953787321	1.9257054060011463	0.03177402658584699	3.0978157168766893	232	0.15383098741987497	9	171	-71.03345	-212.7807	-2.4834073	-179.25423	-0.32383195	-93.17512	98.807526	233
13	0.9146922369562037	3.2398271958480414	0.04419092260373825	5.257502275075509	135	0.5947148987886874	10	201	-37.247177	-226.10947	-2.4862626	-179.23642	-0.41953978	-89.09977	106.008316	30
14	0.9284910433226238	3.8265240879033877	0.010216299481893504	4.782311503052815	135	0.5732855918630535	8	165	-37.807793	-226.46428	-2.5870094	-179.8349	-0.30539855	-89.39987	106.185196	170
15	0.925318508171352	2.077878024126743	0.05798845219292568	2.67398999000587	127	0.0008350696457448296	9	245	-97.402954	-226.41595	-2.476548	-176.76247	-0.36552516	-100.68469	101.631355	277
16	0.6529895955266994	1.197985321036965	0.05596460847875783	2.5257135120958822	92	0.0543369053783271	2	205	-116.75967	-226.1915	-2.4819977	-178.64383	-0.5240308	-104.92021	102.07132	295
17	0.8130579219774694	4.005061651473466	0.18564616199260464	3.4683273387497913	337	0.012857104212291366	2	175	-58.956142	-218.94463	-2.4692733	-179.54488	-0.33131316	-92.04924	101.599495	229
18	0.8493693804667379	3.184828980740128	0.15272215151791899	9.662675392688113	364	0.00045665790441195225	6	177	-37.950665	-226.13179	-2.5429318	-179.24974	-0.67086726	-89.3092	105.86851	99
19	0.819885648320291	0.907111628017163	0.011123053876108095	3.5338043606364438	360	0.00015103063326622748	9	165	-75.86948	-208.99403	-2.4660861	-179.74013	-0.33958924	-93.48187	97.53602	236
20	0.9451554896343418	3.219470022860787	0.19957927927442543	5.660020692068923	352	0.06120453584776671	2	193	-37.21487	-226.15862	-2.4801836	-178.8646	-0.4955693	-89.04277	105.93457	22
21	0.6860831747393525	0.15777485439698874	0.024506884919286386	1.350796862937654	86	0.0009255751085004294	3	211	-62.090412	-226.327	-2.4660196	-179.89597	-0.35905716	-94.2277	103.74682	238
22	0.9706451751080226	2.34715705086305	0.10084854347323964	8.79579130675952	364	0.0005630810983741177	5	227	-37.78189	-226.25233	-2.471464	-179.78859	-0.43888295	-89.346634	106.10575	128
23	0.7801501778087421	3.4986360531237155	0.018976677239617806	3.914190125778743	397	0.0027740991235729383	3	211	-49.221546	-215.50461	-2.4688168	-179.08678	-0.31487834	-89.31932	101.30839	112
24	0.6793964223116391	3.2872737128549443	0.04605051686740356	7.201334509565097	58	0.6829042271667044	3	229	-38.048985	-226.27983	-2.48481	-179.88548	-0.4978048	-89.43938	106.08779	203
25	0.6827524567487644	2.432406373498559	0.10666608691490229	2.151427351638971	326	0.0063725670226612175	4	206	-106.95767	-226.13716	-2.4726567	-178.91249	-0.63041425	-103.02208	101.890144	287
26	0.8007227564473693	4.6207554500819885	0.03145273858814935	6.851154957657694	55	0.014246341622095584	2	192	-38.098564	-226.42116	-2.4718528	-179.9341	-0.35912353	-89.456955	106.169464	207
27	0.6968743561097261	0.1302659746813904	0.09213195335894636	5.047340661669693	360	0.07050097889203956	9	166	-42.0096	-226.16956	-3.4040787	-179.18266	-0.5314797	-90.25948	105.24008	219
28	0.9893902273078803	4.781378913922307	0.03568211224905802	6.342735964679849	345	0.0003919033333125763	4	187	-38.022575	-226.33252	-2.4798174	-179.62766	-0.46696556	-89.38591	106.06058	164
29	0.8546009369718669	3.8293152466862614	0.01756437000261566	3.768891310835664	248	0.052286198828079895	6	183	-58.480553	-215.51422	-2.4792912	-179.37654	-0.32671195	-91.23546	100.53482	226
30	0.7558652414747355	3.3430441601543173	0.010319042285057456	3.353671581775965	221	0.18517228143314116	7	157	-41.14744	-218.37395	-2.472627	-179.79836	-0.30381128	-88.419235	103.22807	9
31	0.6968090429856532	3.948561535768998	0.015471531738696406	8.445486960816375	387	0.0014371140864384748	6	229	-37.853153	-226.30623	-2.4554124	-179.88564	-0.41239893	-89.38256	106.144	161
32	0.8515405612258589	1.3670885431039645	0.12643020399810354	4.79128337739346	122	0.00030787716355942324	3	248	-37.77921	-226.00284	-2.5723085	-179.3828	-0.386081	-89.22464	105.929596	62
33	0.8585016437795169	1.6214233758291383	0.09572950816109065	5.8836849170295835	343	0.001460296505633499	5	193	-37.631733	-226.05367	-2.5495734	-178.83525	-0.43456298	-89.10095	105.84214	32
34	0.8073416868684027	3.694553285634811	0.011932335999497253	6.276080117044343	363	0.3772083934077408	2	216	-37.95416	-226.33705	-2.4356625	-179.40561	-0.5824157	-89.34298	106.008	123
35	0.6462856202437222	0.35774853863606404	0.08977658466305644	4.337874093605358	152	0.3207219073028014	6	190	-37.422504	-226.31909	-2.632007	-178.73561	-0.49628755	-89.12111	105.90269	36
36	0.8766772050976395	2.2157197632815153	0.01714265417596907	6.553454370841266	215	0.7475716181640162	6	169	-38.03056	-226.31514	-2.479792	-179.77562	-0.42506465	-89.40524	106.094284	173
37	0.7192052996803414	4.507921316420491	0.01639229101125416	8.000740599105532	317	0.004514356792057574	4	230	-37.88671	-226.2826	-2.460846	-179.87012	-0.39420417	-89.37889	106.1317	158
38	0.7178289206122456	3.4016477753347	0.08573913523693262	7.1997970386057455	54	0.012440334535162904	2	152	-38.00577	-226.23325	-2.47744	-179.41458	-0.39348882	-89.30491	106.00115	95
39	0.6596899802764347	0.8898800451625501	0.01171215656536543	1.4231184852961019	163	0.00018691762640427157	2	199	-46.26486	-226.35289	-2.466221	-179.84595	-0.33756083	-91.05349	105.20591	225
40	0.7564940803142549	4.553745807683919	0.020285623503049747	7.286570407828521	129	0.9927347071694937	2	150	-38.073	-226.42757	-2.4780166	-179.68654	-0.36875317	-89.406784	106.118645	175
41	0.9413362727733156	3.1804596652797894	0.1828957420094776	5.647242117557524	223	0.3030416898012761	8	237	-37.2196	-226.00967	-2.4784563	-179.29897	-0.3972826	-89.080795	105.99899	26
42	0.6437173332926777	3.5105405562849232	0.14436963122419502	2.222834934944025	372	0.0022851235263582448	8	192	-81.59377	-225.9536	-2.5644176	-178.66858	-0.42842206	-97.84176	102.1968	255
43	0.6951347094811691	3.3564947021894036	0.030679289032411718	7.9793429790372095	106	0.05364563272923682	5	237	-37.98986	-226.33958	-2.4967027	-179.77261	-0.48823684	-89.417404	106.08975	187
44	0.9740698745377079	1.6486308414883595	0.1451409187155974	5.718727787370591	237	0.14856849683485204	9	193	-38.82504	-226.22455	-2.5429466	-178.82578	-0.49534413	-89.38273	105.74017	163
45	0.8245272934699032	3.268398841493916	0.10209258163204561	5.2964818484028955	139	0.6471509293454213	7	187	-37.207943	-226.30998	-2.493919	-179.34164	-0.5087417	-89.17244	106.080055	50
46	0.8680310967860458	1.3468633376814365	0.152594166372082	7.743160980930819	276	0.01530924296540854	5	183	-38.024155	-226.31589	-2.515408	-177.97603	-0.49956703	-89.06621	105.69154	24
47	0.8962586923439156	0.2385249250017467	0.046434313124110886	8.135333698209749	312	0.00027085404493999525	4	181	-37.960934	-226.24571	-2.515422	-177.83665	-0.5883835	-89.02942	105.628494	20
48	0.9231150524867324	2.535931276125985	0.016189712797537982	7.60636609810307	73	0.2701363935603305	3	214	-38.09582	-226.42381	-2.4309797	-180.05911	-0.38736606	-89.479416	106.19975	212
49	0.65889203672464	2.743090428758219	0.033089857710478364	4.20995843843116	134	0.00019534108598776495	5	177	-37.357494	-226.42377	-2.5409818	-179.02498	-0.4296697	-89.15538	106.03829	48
50	0.9984407706552255	0.5028294932208062	0.03298378773469328	1.045648356805385	331	0.037814606463111036	9	209	-144.84914	-226.46931	-2.4731655	-179.90575	-0.40271726	-110.82002	103.967064	300
51	0.9360876622725238	1.8673864278131331	0.19404746855851326	6.6328231642986815	67	0.1325335858060406	6	239	-37.703865	-226.32141	-2.5516813	-179.30591	-0.7051909	-89.31761	105.96273	110
52	0.9127839288482866	1.7353886011729511	0.050438069863601415	4.007692969424021	298	0.005607724558750823	2	229	-37.740437	-226.20221	-2.5274682	-179.69926	-0.39627302	-89.313126	106.07306	103
53	0.6116681496849705	4.930799941298457	0.012965202164069625	6.585833519771062	232	0.2694235124574906	3	246	-38.018677	-226.37802	-2.510625	-179.61977	-0.5237115	-89.410164	106.05586	181
54	0.7397434936671916	2.890843444954623	0.11064632041268163	9.554008648043228	269	0.1668004252838251	9	191	-37.76029	-226.37923	-2.412357	-179.20094	-0.50205714	-89.25097	106.02331	75
55	0.9517933653520462	4.991119855775334	0.016608537315388455	3.9895986602992126	286	0.4847483312748428	3	247	-40.277946	-218.7687	-2.465561	-178.32518	-0.32009587	-88.0315	103.12661	4
56	0.9775095997200302	4.619464027906231	0.17782825740672203	1.4382328340471453	323	0.0028243307425671995	8	227	-71.43537	-226.44522	-2.4677236	-180.09572	-0.33138216	-96.15508	103.189285	246
57	0.7846865697461791	2.297552741176441	0.01938005329151499	7.772187122510664	82	0.4165949060706815	9	154	-38.096992	-226.34586	-2.4711185	-179.83911	-0.3522065	-89.42106	106.12675	191
58	0.6550150880943904	1.3185411441701262	0.030472765059576655	2.9506779126115563	328	0.029834474906079964	8	203	-107.44756	-226.3321	-2.5103643	-178.5428	-0.47519457	-103.06161	101.915146	288
59	0.9744098485624753	4.258512280114571	0.013463089811139637	2.8621431853338497	362	0.013230685572045832	5	221	-91.42594	-226.43742	-2.4881587	-179.10683	-0.30914012	-99.95351	102.18199	269
60	0.9763687707531821	2.135077621704558	0.14737979447726843	1.5864397790789635	182	0.05004083645329596	7	227	-90.482285	-226.44858	-2.4656367	-180.10774	-0.32501292	-99.96584	102.40255	270
61	0.9656549618236104	0.9182280777296784	0.025613611042373478	2.2248044266847162	271	0.8751146751906158	7	177	-111.13997	-226.41916	-2.5098655	-179.37704	-0.7808213	-104.04537	102.070526	292
62	0.8978608522545453	1.6940054705064187	0.024500819211430335	6.596454328299781	55	0.0036996115393571226	3	224	-38.093704	-226.43417	-2.46519	-179.95193	-0.36921805	-89.462845	106.1773	210
63	0.7530937010012946	1.6450242524032714	0.05604791258812159	7.308256944374895	330	0.00045282365971214004	7	221	-37.839966	-226.33397	-2.4561887	-179.43166	-0.50478816	-89.31331	106.03843	105
64	0.6995435926354492	3.4946351558320896	0.011992247256023355	5.7326668265334195	219	0.0010357425516427056	5	155	-37.875504	-226.41309	-2.47142	-179.74217	-0.3101946	-89.362465	106.16335	144
65	0.8279990588502101	1.9057641341796019	0.04045648224772828	3.449889538100746	58	0.03391454948047599	4	196	-41.272316	-217.56427	-2.4645553	-179.55843	-0.31918016	-88.23575	102.90443	7
66	0.9146976942439864	4.352462695201722	0.11036693236513949	6.864871091443454	170	0.00039474460161881915	6	183	-37.970886	-226.27661	-2.494149	-179.63039	-0.47416914	-89.36924	106.04493	152
67	0.9858469277009921	2.4785109976913975	0.04195670263481786	9.123973339837354	171	0.0009887750159219661	3	155	-37.76277	-226.26968	-2.5554197	-179.53596	-0.43111214	-89.31099	106.04434	101
68	0.7516673672905585	2.4934352351118125	0.041688585469557955	1.3546770235130614	259	0.0004851439260820755	2	155	-73.1804	-226.27596	-2.4924235	-179.973	-0.3100364	-96.446365	103.00882	248
69	0.924899184456424	3.2303871986516444	0.01133299395736929	7.707346497278002	288	0.003183397013188504	5	246	-38.023335	-226.20744	-2.4970164	-179.73965	-0.5031759	-89.39412	106.03286	168
70	0.8428550187600661	1.6827462520713028	0.010296160135940105	9.830614169120835	165	0.00220548080623394	5	168	-38.08828	-226.29597	-2.4455924	-179.99208	-0.44203496	-89.45279	106.1307	206
71	0.7735920836593712	2.3882643300297834	0.036473221824660666	6.268358575149652	322	0.0008056726593206123	4	165	-37.92505	-226.30463	-2.5073583	-179.59898	-0.4313311	-89.35347	106.05913	132
72	0.8147038794434218	4.140697550387968	0.01458990375245124	3.688322288911836	139	0.005314165845793436	2	189	-40.288376	-220.0463	-2.4686172	-179.63544	-0.31756678	-88.551254	103.81712	12
73	0.997388999621031	2.4952924793449593	0.03853750263065809	8.637355220384066	291	0.43359162979440746	8	231	-37.851273	-226.28105	-2.4778314	-179.82988	-0.42481077	-89.37297	106.117035	154
74	0.6313069023593958	3.893734607520584	0.010473167162837378	2.2171199803169137	265	0.199795401059477	6	180	-75.37518	-226.03229	-2.4967642	-179.36139	-0.37749678	-96.72862	102.67274	250
75	0.8228061748635703	4.679321702620837	0.10429632949900017	1.595961496661539	353	0.00012947848571884534	9	161	-85.58221	-222.34277	-2.469842	-179.95792	-0.36401024	-98.14336	101.23132	258
76	0.69998463331164	1.9614728417930503	0.01362969489398086	6.929394055970158	171	0.04712500671232904	4	151	-38.04037	-226.3848	-2.4724696	-179.96783	-0.32679948	-89.43846	106.17863	202
77	0.6833499359011759	1.5314334620348014	0.014506059608133335	8.026574420482905	209	0.6648238999265993	8	234	-37.94673	-226.31485	-2.477412	-179.98755	-0.37278822	-89.419876	106.16096	190
78	0.7817728660510723	0.17430882989217525	0.04907678346992924	7.506622441924912	364	0.07286166172540864	3	150	-37.92481	-226.39983	-2.6137989	-177.4954	-0.41352135	-88.96947	105.62784	14
79	0.6982052573271351	4.369644006194799	0.081221816558941	8.710147412823986	300	0.011912240466794892	2	209	-37.864613	-226.40115	-2.419848	-179.76295	-0.5393225	-89.39759	106.12781	169
80	0.7256097526383453	3.6746095816476125	0.17688780201123605	2.368925815788371	296	0.00018612756530887828	6	167	-99.48247	-225.86935	-2.491906	-178.7654	-0.54728174	-101.43128	101.77891	281
81	0.7054095550690057	2.9351178431918528	0.013394157252260203	6.490622412236771	185	0.00011451817657703297	4	185	-38.07333	-226.3794	-2.4765275	-179.86642	-0.40420273	-89.43998	106.13422	204
82	0.7420983667122403	1.5316103416982518	0.1010889364897077	7.1512036424247	187	0.00016488127425724094	2	165	-37.93212	-226.24246	-2.5495074	-178.64955	-0.48873526	-89.17248	105.81616	51
83	0.9892429798846987	2.1191060405745765	0.04363411584183253	6.321813867532351	383	0.024662006881660686	10	188	-37.97113	-226.36598	-2.488358	-179.09186	-0.5942121	-89.30231	105.93546	91
84	0.8527516368960786	0.4427014140119899	0.07450885424401604	3.2942837498380504	51	0.03482726348400598	9	185	-86.292656	-213.34978	-2.5242765	-178.99185	-0.3670744	-96.30512	98.27989	247
85	0.932010283101904	4.451805909444469	0.022623521035946566	7.77065768297779	167	0.0001564525134592723	9	213	-37.940598	-226.32912	-2.4309428	-179.59755	-0.48674196	-89.356995	106.06888	137
86	0.7532324020340531	4.905325054940011	0.07023209388602049	2.9476070887684678	267	0.0002655003604001375	10	228	-86.74331	-226.22528	-2.6262336	-179.13916	-0.3155438	-99.0099	102.20727	260
87	0.9729998148887198	4.050604803870123	0.02138191758390892	4.075372826256704	354	0.029583318104409763	3	179	-37.35367	-226.43686	-2.5448098	-179.2612	-0.42182112	-89.20367	106.09394	56
88	0.8219354404479837	1.6065032250601197	0.18740755529078645	8.015683464195913	305	0.018354144052498744	2	155	-37.817787	-226.35835	-2.325936	-178.86621	-0.3777166	-89.1492	105.98238	44
89	0.740448731411085	0.2057149783447411	0.014887885092477793	2.9741773324068563	99	0.3474811656783792	7	184	-38.41049	-226.34087	-2.4638631	-179.81857	-0.33301473	-89.47336	106.088455	211
90	0.651674136974214	2.138231305058842	0.011899005695255791	2.0758499405190576	357	0.014856985667128278	6	232	-81.097565	-225.75922	-2.5093014	-176.7053	-0.3652855	-97.28734	101.79772	253
91	0.9516740083073468	0.6701166493574374	0.027055206762738458	4.756381456681077	249	0.006917512067176221	7	233	-37.39506	-226.12611	-2.5539553	-179.4423	-0.4597048	-89.195435	106.01717	54
92	0.7222063156982665	1.7827792068413266	0.03218993545948043	2.3609661867022766	369	0.8971291600221055	10	176	-97.43781	-226.07094	-2.5071244	-179.21721	-0.53590024	-101.15379	101.94008	278
93	0.8091673023408053	3.683536028767664	0.11325089171029444	5.2479112151189335	272	0.00010986081659093304	6	191	-37.474686	-225.80458	-2.4809542	-179.26144	-0.46975145	-89.09828	105.87797	28
94	0.9413047635114603	2.9148172263767607	0.0148460096874764	7.995325746339364	108	0.4486568959886574	8	186	-38.10733	-226.40442	-2.4731836	-179.79399	-0.41132203	-89.43805	106.12195	201
95	0.6236803381255502	4.34798693608482	0.01587236740384451	5.961875609415764	321	0.00037528898601033755	7	152	-37.856876	-226.3748	-2.4851942	-179.56003	-0.30997816	-89.317375	106.11174	109
96	0.8678324346025725	0.8774225970886429	0.06675708287155219	1.9707339086624103	377	0.0331139393391392	6	228	-81.36205	-226.3774	-2.5339637	-179.9579	-0.36414364	-98.119095	102.617165	257
97	0.9698681191688451	1.5456738700743922	0.030554651416183156	5.062162110486527	320	0.18145507653106713	4	188	-39.144855	-226.41002	-2.515629	-178.89594	-0.46617633	-89.48653	105.78862	215
98	0.8931567708781372	0.4965588742893148	0.04929075532529965	6.9229999557682635	245	0.04227494835968639	6	213	-37.672085	-226.38116	-2.5081754	-178.54784	-0.5432373	-89.1305	105.8682	39
99	0.8359939834053093	0.855666025014108	0.034231832174190784	9.997597127505752	221	0.009539489024435055	8	222	-37.611298	-226.37155	-2.478044	-179.7169	-0.5420806	-89.34398	106.12676	125
100	0.88938698608039	4.7160710248278885	0.022330177142905302	7.482852365515207	135	0.0120766517492904	6	183	-38.06723	-226.3172	-2.4778905	-179.4172	-0.44663087	-89.34523	106.010155	126
101	0.9543846797869582	1.69798449684628	0.11922140109304968	5.6798036704300126	397	0.13709398095140696	9	153	-37.722168	-226.38847	-2.6054907	-179.11995	-0.30834782	-89.2289	106.014824	64
102	0.9341086645025993	4.088708993394551	0.06664136526511064	3.981379258639511	397	0.0004734584148101105	9	212	-48.589905	-215.64368	-2.467812	-179.2001	-0.31701773	-89.2437	101.43945	71
103	0.7222309921915911	1.2914862015821003	0.12629073784502387	9.204672980078	156	0.0027456145404106836	5	166	-37.898037	-226.21985	-2.5038664	-179.25098	-0.5150347	-89.27756	105.94424	82
104	0.7966509145710667	4.389950562063869	0.025904475493063153	2.973269271209843	66	0.0829983943315964	10	239	-44.134018	-226.33084	-2.4722378	-178.56357	-0.312004	-90.36253	105.16378	220
105	0.9528412988660268	0.33745133638521563	0.0891018842414409	8.02571341330983	72	0.005326194721845275	5	227	-37.702877	-226.31143	-2.504128	-179.57703	-0.40085325	-89.29926	106.09067	89
106	0.8688289238053883	3.217986693337076	0.09254399652372981	5.124009757651221	208	0.019268539527664354	10	230	-37.214516	-225.85602	-2.4696648	-179.15613	-0.40840486	-89.02095	105.919075	18
107	0.7640619012749158	3.530679234347642	0.01803222211750425	1.7476029845219332	271	0.03014732432995273	10	198	-88.29782	-226.38478	-2.504362	-179.97263	-0.3287523	-99.49767	102.40138	267
108	0.8473814049911477	4.6729800042989345	0.10011606563481339	9.885224017273185	218	0.004836527918191946	3	235	-37.849953	-226.24149	-2.4386268	-179.89029	-0.5143499	-89.38694	106.10658	165
109	0.9339278401888563	0.39267398367379736	0.08867507635929635	3.7313899263592205	173	0.1861820801616734	5	236	-54.446743	-202.51965	-2.4864533	-174.11894	-0.33937997	-86.782234	95.716484	1
110	0.7246307553447948	4.832975942716715	0.025239118752660255	2.053195344873388	120	0.002410084485610304	2	206	-86.30287	-226.30838	-2.4977553	-179.15434	-0.35310197	-98.923294	102.270744	259
111	0.9973737072967642	4.199546545208675	0.18511917412226303	8.362337268784641	165	0.005485031170659733	7	170	-37.966187	-226.00638	-2.3520393	-179.3177	-0.58256197	-89.24498	105.89818	73
112	0.9049746341622452	2.770040024244335	0.11859478425940997	4.699276416186688	131	0.3757198809088764	3	152	-37.69601	-226.4145	-2.598164	-179.0902	-0.30806702	-89.22139	106.02167	61
113	0.7174984564904964	1.3757491275504583	0.010101590321993795	6.1488823773874755	270	0.00048613559591106345	2	231	-38.020657	-226.37108	-2.4873471	-179.62592	-0.5405982	-89.40911	106.05592	179
114	0.9427359550711395	1.5669922644466014	0.0897893193052597	7.2561485800096115	368	0.009515909965020119	6	247	-37.87094	-226.2399	-2.5008981	-179.05978	-0.5889401	-89.25209	105.89857	76
115	0.8065730424098013	3.8236745383605966	0.019939480809999296	1.4633803140355766	106	0.00030776861654866546	5	234	-56.781754	-226.19507	-2.467311	-178.94707	-0.32256046	-92.94275	103.95293	232
116	0.7128586912316134	3.090311047059754	0.03768837536581747	6.702134719624441	353	0.001567881775670027	3	196	-37.91565	-226.36668	-2.4764109	-179.40834	-0.44274825	-89.321976	106.043724	115
117	0.8983156052953285	0.9853818144674235	0.03676985963075173	6.796782570614785	159	0.001802850553014559	7	215	-37.898266	-226.32437	-2.4791489	-179.29674	-0.5981479	-89.319336	105.97536	113
118	0.8277209183930192	0.7952980199169816	0.062472342532303965	9.77011522137604	230	0.31544644733699384	2	209	-37.299736	-226.32709	-2.4660752	-179.34756	-0.74442714	-89.23698	106.03209	65
119	0.9737848161803988	2.8373384450200474	0.025054710413497026	8.658783866441363	290	0.0025435005306986376	4	159	-37.992046	-226.2678	-2.4340043	-179.25044	-0.4105526	-89.270966	105.98443	78
120	0.7960480487163828	4.065841070078782	0.013708510989996902	9.561210479440781	372	0.007388898131067031	4	174	-38.004677	-226.18468	-2.4389813	-179.68771	-0.56443626	-89.3761	106.01577	156
121	0.9462535117460389	2.8647550960242465	0.1198742537623617	4.178723796501843	252	0.006386108470778293	9	169	-38.55867	-226.43126	-2.5634356	-179.14107	-0.4115104	-89.42119	105.919075	192
122	0.8182712663074956	0.7775741647084111	0.10161394884428795	9.315213092248317	186	0.030768233717729958	4	235	-37.57699	-226.27109	-2.472441	-179.22134	-0.49897188	-89.20817	106.00331	60
123	0.8955273354881299	0.3855410480550766	0.07549299797387599	8.328234201343875	314	0.00568074804689466	8	219	-37.65944	-226.36107	-2.463329	-179.06895	-0.48328492	-89.207214	105.99519	59
124	0.8188306735558554	1.0149529348696407	0.023537059131713403	6.334623625697528	310	0.3786007755867611	4	219	-37.70937	-226.34755	-2.4782832	-179.0804	-0.5919957	-89.24152	105.961365	70
125	0.9964134371669893	1.1536116000055747	0.03788292118495728	7.901510373674803	354	0.0007945496411585742	10	219	-37.91573	-226.38907	-2.4410422	-178.99611	-0.45755786	-89.2399	105.96767	68
126	0.8045033082531594	1.5744999573153666	0.022479020415409712	6.9537860955871	288	0.41686931392295473	3	202	-37.918068	-226.31818	-2.5053742	-179.29575	-0.47787377	-89.30305	105.99056	93
127	0.7606402968931333	2.234985365869704	0.02051567762260197	7.926376322138235	135	0.0050378130578180545	5	207	-38.033314	-226.3828	-2.4825492	-179.72906	-0.42132625	-89.409805	106.106094	180
128	0.8970004559101596	1.2699208442184098	0.016811493758386985	6.224781514656054	150	0.008688761524964873	9	155	-37.989597	-226.384	-2.4799254	-179.88333	-0.32592776	-89.41255	106.16516	184
129	0.7295957334768123	4.953139433518604	0.016559857585907445	3.7340591580465965	111	0.042127171742580884	3	196	-37.739357	-221.2548	-2.4630623	-179.71928	-0.30526617	-88.29636	104.524994	8
130	0.680459740347582	2.13943998822943	0.1755604738868544	8.210216926615281	226	0.00361882915117401	9	197	-37.972095	-226.33176	-2.4404688	-179.26585	-0.5563118	-89.3133	105.97893	104
131	0.647789714971761	3.777666529153289	0.013059078750376521	9.124861984232753	162	0.24685637041381783	5	192	-38.061512	-226.36877	-2.4582436	-179.95049	-0.45033482	-89.45788	106.1442	208
132	0.7178735240876686	3.7308827250987564	0.03536242523050832	8.225974302594588	72	0.12335608011711707	4	230	-37.980556	-226.32364	-2.4647276	-180.00626	-0.3797579	-89.430984	106.16482	198
133	0.8170091233318959	2.401774907854715	0.08810324558191046	8.188376825888824	215	0.00016040037776393282	8	158	-37.944473	-226.3021	-2.5109105	-179.22379	-0.4043821	-89.27714	105.98116	81
134	0.7966066562595093	3.831404970899783	0.023327126832360198	4.107401857761618	226	0.797214430147423	3	240	-37.88845	-226.23419	-2.5901747	-179.47897	-0.34451088	-89.30727	106.016556	97
135	0.8192948460714483	0.4921547339938257	0.08183124764449518	3.957880848311391	398	0.0001669991869913044	10	179	-95.59502	-207.20262	-2.4834452	-179.42752	-0.3385996	-97.009445	96.45944	252
136	0.6051982632804481	4.442349896151045	0.05974503940929069	6.677391791187489	132	0.0014079621647729939	10	249	-37.97623	-226.37465	-2.5344183	-179.07303	-0.7575631	-89.343185	105.890045	124
137	0.7526938433063647	4.109647832684663	0.023412952372856757	4.5969911498438405	252	0.00031939454245786885	6	205	-37.747288	-226.31882	-2.5386431	-179.65796	-0.42310417	-89.33716	106.09315	119
138	0.8241883792456891	1.1804235232999547	0.10204372886058904	2.1398573515797135	264	0.00017963837356461596	7	250	-102.56738	-226.36624	-2.4773953	-176.28761	-0.3633496	-101.61239	101.51347	282
139	0.6580244674370774	0.6753380095283353	0.021235570536972368	5.6345359911884545	201	0.0005065084331201907	9	205	-37.713192	-226.27762	-2.5156016	-179.4524	-0.41408113	-89.27458	106.04687	80
140	0.6149039928330553	3.018968524932758	0.055947759375528955	3.1738396792285215	209	0.8440675713486114	5	202	-52.92522	-217.82162	-2.4886103	-178.86563	-0.3198025	-90.48418	101.62384	222
141	0.7259209493724604	4.254874399458167	0.016109842876292312	2.158919163409818	76	0.0076797640433463234	10	241	-37.557056	-226.14209	-2.460115	-179.14244	-0.3115239	-89.12264	105.989044	37
142	0.8507828511171749	3.8574678690342403	0.09638942700964032	4.897926105221541	353	0.016019173124084043	10	160	-37.52586	-226.37788	-2.52076	-179.24333	-0.5197394	-89.23752	106.0345	66
143	0.7477148620991807	2.776311524855219	0.017841854759484313	2.3241060243583913	368	0.012834992383308916	4	159	-92.92538	-226.0946	-2.4808924	-178.96857	-0.30641204	-100.155174	102.0228	272
144	0.7733758119233499	2.2079900293275276	0.04825377824968434	9.438941658052773	66	0.00018717571485510475	4	180	-38.04953	-226.25877	-2.4493427	-179.8356	-0.49567828	-89.41778	106.078026	188
145	0.7483525241738158	0.4895560087543698	0.023600668009687804	7.241107842121921	211	0.0806248709178719	10	202	-38.019585	-226.38342	-2.5010066	-179.23494	-0.42964086	-89.31372	105.99746	107
146	0.9357984163517695	1.1176957796258538	0.09655390312969268	2.379015796196548	293	0.03177753603460191	2	174	-112.37277	-226.38324	-2.4751406	-179.15833	-0.6155728	-104.20101	102.093056	293
147	0.7736685181358803	2.907581166321735	0.07246521247420538	6.020943960664485	320	0.006087404701575297	7	242	-37.94207	-226.31978	-2.5459678	-178.89651	-0.7941813	-89.2997	105.829025	90
148	0.6873102717205352	2.233333597689306	0.14602701278155586	2.1928488597710674	164	0.5245746070410835	10	246	-94.47448	-226.29968	-2.4751775	-176.75308	-0.34665063	-100.06982	101.6305	271
149	0.8184742882090855	3.242733460021671	0.12992487180837586	2.8849481725685635	165	0.00035205253969445297	2	214	-97.57932	-226.20618	-2.5058603	-179.03697	-0.5970816	-101.185074	101.931015	279
150	0.8813506643034372	3.1251300946677167	0.1949627608076391	9.12585396997951	296	0.0024292653253592212	7	248	-37.847908	-226.16309	-2.4590633	-179.49005	-0.55857533	-89.303734	105.98284	94
151	0.7335716964272417	1.8639600387541488	0.010761904595634803	1.1762817506412446	105	0.0011111217461595253	8	205	-37.365574	-226.4065	-2.4641776	-180.06761	-0.33293763	-89.327354	106.289375	116
152	0.7543093090739156	4.786627276308761	0.01588615623031898	3.0586193154940693	280	0.000327302773511267	9	210	-46.08889	-217.56401	-2.5041158	-179.15007	-0.3089638	-89.12321	102.27984	38
153	0.761113117458021	0.6724431075284182	0.07037617736732546	8.093656431641902	80	0.13017683928225332	10	168	-38.015987	-226.2464	-2.4214768	-179.49123	-0.5303925	-89.3411	106.003235	122
154	0.8667772404968438	0.10535084126537193	0.02155861422101732	1.2304054153830066	398	0.027382082817495393	3	170	-131.52098	-226.37308	-2.472144	-180.02213	-0.4176955	-108.16121	103.03223	299
155	0.8292706841805685	3.3933324429801774	0.1591621571234234	5.831535794748725	340	0.0014237901687982667	9	200	-37.28504	-226.06761	-2.5046427	-179.26804	-0.4465609	-89.11438	105.98747	34
156	0.686316249436115	0.35530316239503057	0.031221482165415995	4.022288867201137	106	0.010435323517357098	4	231	-37.671524	-226.27695	-2.54176	-179.82867	-0.3729607	-89.33837	106.135086	120
157	0.9904297791251768	4.236196701295444	0.014680123138824554	3.2355519312085272	360	0.10778736433721427	2	204	-50.59162	-216.2786	-2.4767659	-179.08089	-0.31080076	-89.74773	101.41358	217
158	0.8209936289503906	1.1957068281060867	0.06435501046736207	7.053124678147574	299	0.5268099840146466	5	157	-37.94156	-226.20418	-2.5511422	-178.01134	-0.41245374	-89.02414	105.68364	19
159	0.9778720421547462	3.4867363573232137	0.10249151929321132	8.373207655506864	344	0.013575550499923494	8	167	-38.002216	-226.21251	-2.4327168	-179.17473	-0.51976514	-89.26839	105.92664	77
160	0.8943262461693813	2.1503528077556684	0.020672261245593408	1.6812946637068735	354	0.16995273256863871	2	236	-88.25553	-226.24611	-2.4742153	-179.10175	-0.36744517	-99.28901	102.186714	264
161	0.9927116230537976	0.41755593584925654	0.06871922987653868	2.8661406816177726	337	0.33654316603962187	6	208	-128.699	-226.41797	-2.4934304	-178.0585	-0.4184688	-107.21748	102.54489	298
162	0.847429445096672	4.92564348073812	0.08615100694636085	6.763931362999709	339	0.0011589003770442693	7	150	-37.979885	-226.42854	-2.439627	-179.84718	-0.37360516	-89.41377	106.171265	185
163	0.9607721711384484	1.5160444362994665	0.195557429144512	1.0614485507177798	69	0.00011784716865315681	10	245	-104.12149	-226.41817	-2.4634905	-178.81534	-0.3801889	-102.43974	102.00259	285
164	0.6008598616707808	0.4950360455368542	0.028312353280077633	5.750107727261001	90	0.0033145274458395227	6	244	-37.91182	-226.00967	-2.468166	-179.72237	-0.4330474	-89.30902	105.99951	98
165	0.7071279620868904	4.964956353134645	0.02310282070896161	4.966726503556939	163	0.15579630677036807	6	179	-37.243042	-226.42094	-2.5562742	-179.09286	-0.4248878	-89.147606	106.063644	43
166	0.7529367226123411	0.6219862362360014	0.059299654678988005	4.590408663351212	51	0.04411732876877481	6	249	-38.02117	-226.08461	-2.5474224	-179.80122	-0.36024398	-89.36293	106.02628	145
167	0.8692466493577806	2.8151838712826565	0.13048775369146	3.0336579770531147	184	0.1454710330917221	4	154	-68.57845	-212.13702	-2.471053	-179.34181	-0.30653423	-92.56697	98.78207	230
168	0.6164175340946333	3.126402646828426	0.09591258660889829	7.368371221364776	217	0.008572691904068775	3	152	-38.015465	-226.26479	-2.475925	-179.0532	-0.3978557	-89.24145	105.93287	69
169	0.9438092725275486	2.6479322170565474	0.013551427656989988	2.9741562730073428	374	0.0022936015872756102	9	177	-94.22246	-226.4229	-2.4983392	-179.24956	-0.64633656	-100.60792	102.069214	276
170	0.8803864427452224	2.2722461230840882	0.14001116519765933	2.316589453777083	278	0.006222220399217186	5	171	-100.32985	-226.39424	-2.4703186	-178.94931	-0.65498346	-101.759735	101.94924	283
171	0.7114381018942182	3.8185560095575815	0.01212918712833582	3.9026455988851825	270	0.0031077548212324483	4	179	-59.984264	-216.23392	-2.4786077	-179.49892	-0.32100114	-91.70334	100.665054	227
172	0.6583177843725899	1.096697265681252	0.09561437359860885	3.662166109190969	184	0.00016307278900879344	8	176	-74.83683	-209.23322	-2.572399	-179.30148	-0.3413066	-93.25704	97.53264	234
173	0.8464865980839454	2.552796713405309	0.08325598208685221	9.87977535025289	91	0.0007198433871252021	2	174	-37.96682	-226.26007	-2.4895768	-179.44803	-0.7415416	-89.38121	105.94626	160
174	0.7580085284271948	4.582119643509023	0.018486619619777288	4.204015916200143	303	0.2767643496086668	8	166	-37.224136	-226.42877	-2.568749	-179.09741	-0.40524477	-89.14486	106.07101	42
175	0.620621644721434	4.246687740485478	0.013860174091771104	7.434450139458173	372	0.4369314943227419	6	201	-37.980366	-226.36629	-2.4904191	-179.36398	-0.5313274	-89.34648	106.00491	127
176	0.7885277629545132	4.014789949229113	0.1775712601066116	8.513230699710373	362	0.036291623515535255	3	168	-38.015594	-226.07304	-2.4254873	-179.35403	-0.5905328	-89.29173	105.90472	87
177	0.9858202053099818	3.211819107367613	0.01050926913681586	8.78757195830594	307	0.3028171543293608	6	228	-37.94718	-226.28114	-2.4683633	-179.94643	-0.39071882	-89.40677	106.139366	174
178	0.7597517231713493	2.887942192659278	0.07023731038155154	7.50946187749117	249	0.0007065901783498493	4	236	-37.90519	-226.30363	-2.4899852	-179.52213	-0.5571388	-89.35561	106.022064	134
179	0.7300165173592688	1.7882503229771431	0.03421591945434867	8.09349751157002	197	0.07653025620092416	8	243	-37.89832	-226.40279	-2.4854424	-179.82019	-0.4318638	-89.40772	106.14549	178
180	0.8767688131747455	0.3944791218447963	0.12482305000582253	7.148468697127677	257	0.0001939545024465684	6	225	-37.69512	-226.41753	-2.5086927	-178.56787	-0.51147044	-89.14014	105.88796	40
181	0.9758951351914549	1.390845023682633	0.128103682331262	6.559793261089574	187	0.0008982928689174736	3	164	-37.89348	-226.36949	-2.545576	-179.25041	-0.468347	-89.305466	105.99427	96
182	0.6110475863273984	0.7096664004700249	0.018823175934831918	4.60853246764708	240	0.005548557784501853	8	160	-38.59313	-226.44365	-2.6021304	-178.79907	-0.44860187	-89.37732	105.830894	157
183	0.7063705773234539	0.9064065401265851	0.025906221627956843	9.704455446282552	366	0.1412851496848078	10	193	-37.578945	-226.36035	-2.4314365	-179.04286	-0.5603423	-89.19478	105.98963	53
184	0.6977393048949643	4.862852300118737	0.021115068421112892	9.896953992613422	379	0.0012948127409056177	10	151	-37.99629	-226.30418	-2.4246838	-179.6817	-0.39647657	-89.36067	106.092186	140
185	0.602969948898515	0.5776728818443113	0.08318742249557676	3.0938510425036005	318	0.16698455256816752	4	199	-73.94534	-215.54733	-2.5144482	-179.09721	-0.34121987	-94.28911	99.44676	240
186	0.828305529177973	4.5542590518419495	0.08201390060606624	1.8752587080420628	123	0.008583013651279954	10	187	-71.43788	-226.42174	-2.5126543	-179.96318	-0.37468547	-96.14203	103.13453	245
187	0.6006340469583102	0.8917444364529912	0.10257126123185273	3.1005735966584242	390	0.013802701651973233	8	205	-61.084747	-217.3142	-2.512619	-178.51273	-0.33338776	-91.95153	100.69086	228
188	0.9311809381758199	2.2017577544761893	0.09659630215147837	5.7048098231127256	323	0.00020737452267080282	5	241	-37.577995	-225.84946	-2.4789283	-179.04445	-0.4996987	-89.09011	105.82787	27
189	0.7571164040381808	0.22564368029339515	0.08173454139996417	4.533401598805234	120	0.00019129563601681982	10	184	-44.681484	-226.43503	-2.7923088	-178.46498	-0.57405627	-90.58957	104.99378	223
190	0.9954952160589752	4.505448351273405	0.16212960433317009	6.311357568350695	264	0.00019201498934841375	2	207	-37.858356	-226.31267	-2.4808712	-179.5493	-0.53369516	-89.34697	106.04322	129
191	0.8223571244760336	4.478604501570302	0.11178950178631043	7.410666589044549	73	0.024183991727881285	4	158	-37.960567	-226.1696	-2.5430515	-179.15576	-0.3928831	-89.24437	105.917786	72
192	0.8498267324438065	0.5324767169334353	0.021328895316233415	3.4777598863565817	349	0.0001409749336219303	9	160	-82.728615	-208.7286	-2.475018	-179.42056	-0.35470104	-94.7415	97.12091	242
193	0.7766114400117147	2.738351738171006	0.012463953332266901	8.726351432367583	187	0.01606754928051532	8	246	-38.025066	-226.35068	-2.4590673	-180.00755	-0.37999448	-89.44447	106.16953	205
194	0.9535077498353218	0.49980890740906136	0.1428879743187228	1.9189473844021538	131	0.021357016093381757	3	191	-112.518394	-226.47617	-2.4715376	-180.03401	-0.37901714	-104.37583	102.34595	294
195	0.9546160455451255	2.6517705382702403	0.10079895940341148	7.749839170537938	184	0.0005528496265579656	4	232	-37.87487	-226.29506	-2.4976327	-179.60762	-0.50670695	-89.35637	106.050156	136
196	0.7663628988186558	0.14392974592308297	0.08834027663943947	3.5034720278412106	384	0.009777229503478658	8	177	-84.451744	-206.98643	-2.5171382	-179.62447	-0.3986529	-94.795685	96.58651	243
197	0.9977597672735383	4.715904644263178	0.04570678078343815	1.4365255706411943	129	0.5399210452954935	3	214	-104.58407	-226.44681	-2.493358	-180.12108	-0.3551464	-102.800095	102.257805	286
198	0.8079746108658576	4.890264232446829	0.021698497076093084	7.349648593537238	152	0.030653776146636367	10	224	-38.018528	-226.29703	-2.4991815	-179.81248	-0.49049556	-89.42354	106.08006	194
199	0.6037654768225306	4.555121308203188	0.02309107007540168	9.912690909285132	358	0.36266419263961386	3	246	-37.928585	-226.30623	-2.437271	-179.89725	-0.46525764	-89.40691	106.12997	176
200	0.8678192078839669	0.5736346438612391	0.042788858782385704	4.38918649326987	245	0.0002382635673565278	2	225	-37.569767	-226.11955	-2.568427	-179.07248	-0.41672713	-89.14939	105.92118	45
201	0.7901168848294855	4.186851491856451	0.02290195207080483	7.482122917723088	102	0.000429884507154423	5	174	-38.075912	-226.21404	-2.475524	-179.65932	-0.43225533	-89.371414	106.03078	153
202	0.6002591154067977	3.116150729465938	0.01878544769467377	8.387260941014805	319	0.6414264792036003	4	163	-37.99146	-226.25137	-2.4224207	-179.65996	-0.5142679	-89.3679	106.04688	151
203	0.9753775679824459	0.671103156911393	0.09289860890216547	9.662058267366382	218	0.05910150250476267	4	153	-37.815765	-226.26137	-2.5600827	-178.78017	-0.4314525	-89.16978	105.87385	49
204	0.6031037610346025	2.819415303859215	0.1145446660432761	1.6166141238461882	141	0.020663648693574215	6	194	-93.655075	-226.33377	-2.4721239	-179.18285	-0.39374718	-100.40751	102.106155	274
205	0.9116853724334674	1.7694324803614387	0.013343483597955818	2.1353527978624256	314	0.050488208430834035	8	221	-110.51212	-226.38487	-2.484686	-178.92242	-0.32929328	-103.72667	102.08628	290
206	0.9273343511222889	3.295585647002071	0.0444891727117629	8.939362321849929	81	0.008335615966299014	6	219	-37.934464	-226.37856	-2.4504225	-179.95137	-0.47167468	-89.437294	106.16007	200
207	0.6562688487518247	1.2486981125894336	0.023078693767241396	9.333203306643009	214	0.01361699365473585	3	245	-37.970238	-226.28172	-2.4588804	-179.87688	-0.4471807	-89.406975	106.11204	177
208	0.8456187353543083	2.7824198951684593	0.03428511122647517	3.214034801251387	142	0.015278275941946258	10	235	-44.733566	-215.52194	-2.472488	-177.96703	-0.32398272	-88.2038	101.52553	6
209	0.8591555741022141	0.9330805012628695	0.017305526175026165	1.253487675778012	322	0.0001362947582283776	5	156	-109.65411	-226.38725	-2.4748595	-180.0162	-0.3103874	-103.76857	102.28355	291
210	0.8280826194653675	0.711735681675465	0.013499956246642561	9.980631898361999	265	0.01085869861374345	5	196	-37.979057	-226.3478	-2.450883	-179.80092	-0.5039621	-89.41653	106.105835	186
211	0.8606472654946373	1.7586806375064092	0.013970681195037126	2.902003501518161	219	0.08349850615966621	8	160	-92.16542	-226.3267	-2.4782047	-179.45697	-0.5912993	-100.20372	102.13424	273
212	0.8098192261770758	2.019145663613222	0.03579999743348364	9.762402894659477	310	0.00046719535565160257	6	238	-37.848217	-226.39578	-2.457665	-179.77989	-0.5259837	-89.401505	106.12672	171
213	0.9578192011007859	4.779270222426559	0.14142819597627412	7.768779232582318	387	0.011357995997734792	3	162	-37.918377	-226.21523	-2.5014484	-179.43597	-0.4960629	-89.313416	105.98404	106
214	0.7626749032763523	4.928577538007967	0.017690019166437133	8.681086442453221	174	0.0017269363010920062	2	217	-37.94307	-226.35376	-2.4583018	-179.95416	-0.45787862	-89.43343	106.15291	199
215	0.8671284647577286	4.727263099036646	0.0994342603210204	8.12460397296087	374	0.0016291170129215965	5	177	-38.023693	-226.23259	-2.4019785	-179.26378	-0.51173455	-89.28676	105.95741	84
216	0.8799928835327425	0.16052126360638108	0.01125303152476199	2.6859202191815146	358	0.03350022393374242	6	159	-122.697365	-226.31825	-2.477724	-179.4687	-0.3101811	-106.25444	102.51806	296
217	0.9189430840300671	0.3082377742875483	0.16326651260362246	7.951186814103346	82	0.012036001060660512	9	193	-37.83564	-226.39804	-2.535436	-175.3666	-0.47755602	-88.52265	105.197914	11
218	0.753628636591137	3.888088202295458	0.036300856306911086	6.594036066922688	149	0.009710472551704728	10	169	-37.943207	-226.29642	-2.460421	-179.66536	-0.457003	-89.36449	106.072624	149
219	0.6572886596499882	3.946813032414575	0.026469953717305303	6.524111286735979	82	0.04021515482997706	6	211	-38.036663	-226.40047	-2.4251301	-179.84883	-0.39938277	-89.422104	106.153244	193
220	0.9485328373062547	1.8989528008787666	0.012940228264017997	2.5482386360731435	129	0.00048005829554486886	6	151	-37.84527	-226.44975	-2.4602392	-179.5975	-0.30564952	-89.33168	106.15132	117
221	0.9642869464011874	3.4315651441135215	0.05700733089366252	9.502767626015995	218	0.00011648779265639508	9	170	-37.937702	-226.14124	-2.4619832	-179.3958	-0.557658	-89.298874	105.94446	88
222	0.644008355192629	4.6956780463166785	0.0192976260890951	8.539115846776067	292	0.0013437590756605557	6	162	-37.993187	-226.2839	-2.3546999	-179.62381	-0.4933489	-89.34979	106.06775	130
223	0.8299471953062045	4.603227066862378	0.18620379642849808	6.092058090879538	318	0.36352407176092344	8	171	-37.934776	-226.32152	-2.47168	-179.83623	-0.59022266	-89.430885	106.08792	197
224	0.6584324463845731	4.159896183182681	0.13938581797049507	1.8080912721472666	114	0.02407021174108755	7	245	-87.367004	-226.35976	-2.4795017	-179.14378	-0.33920524	-99.13785	102.2606	262
225	0.8632094522675825	4.6218755773204245	0.1749375889029336	6.578939323715629	323	0.003387494775140298	7	187	-38.01253	-226.28674	-2.4762692	-179.55685	-0.4861437	-89.36371	106.02867	147
226	0.8755736123822488	0.3384179912905708	0.011817149110322984	2.5299770553240464	387	0.0005961570081753816	8	196	-124.778404	-226.33385	-2.513504	-178.46913	-0.38217217	-106.49541	102.406044	297
227	0.7541331330260096	3.8003426852088067	0.04682956727047708	3.925844480173842	195	0.004640824844761389	3	163	-57.73984	-214.78027	-2.4732776	-179.31259	-0.3250313	-90.9262	100.35663	224
228	0.6644420054020241	4.935778267208753	0.0168379756253502	4.461521442839645	290	0.05797470099545891	2	153	-37.7927	-226.42133	-2.5340762	-179.17499	-0.30423635	-89.24547	106.044014	74
229	0.6760703502623886	4.305434104909001	0.06736863019750824	5.773311688732338	121	0.33291734639414944	2	242	-37.81671	-225.98103	-2.4737914	-179.2698	-0.45655587	-89.19957	105.89936	55
230	0.6852902170574451	1.5467753475283577	0.0629122461226595	7.695041510425937	282	0.0019088605294925226	5	215	-37.907368	-226.35852	-2.4541185	-179.53099	-0.5087808	-89.35197	106.05888	131
231	0.8933963881244968	4.45341959426755	0.025458697531682686	1.289066365895552	189	0.03661618877571874	2	235	-76.675705	-226.39432	-2.4841962	-179.08319	-0.3398772	-96.99545	102.67672	251
232	0.7835822391269575	1.6353317695695586	0.011259972983798616	7.4144423359072364	272	0.0041080090379790315	6	171	-38.08426	-226.25688	-2.4855363	-179.1881	-0.40826115	-89.28461	105.94645	83
233	0.9746139054680123	3.8609416077854855	0.16130589003016246	5.158573390143404	82	0.18011616926858828	4	201	-37.433628	-226.13046	-2.4963334	-179.0357	-0.39553076	-89.098335	105.952675	29
234	0.729225241772972	0.6549315105228981	0.1354475111579034	9.854611636449183	265	0.0019073122748384428	9	218	-37.380795	-226.33083	-2.437587	-179.4728	-0.5745055	-89.2393	106.0913	67
235	0.938137518696465	3.862591479292279	0.07677867571379755	6.597979488241372	59	0.016906605371289792	7	186	-38.03716	-226.27852	-2.4764588	-179.52441	-0.4707086	-89.35745	106.01933	138
236	0.7575090298137879	0.7875177525716882	0.0660802273579034	4.214909441013237	331	0.32505494236445276	9	192	-37.754818	-226.33435	-2.6608248	-178.51831	-0.4521868	-89.1441	105.82459	41
237	0.6994364156358289	0.9549827703222493	0.03434010224119504	9.638690861425696	316	0.50569112653967	5	192	-37.613773	-226.35571	-2.4429028	-178.96379	-0.6475193	-89.204735	105.94656	57
238	0.6957502223242668	2.583978357880544	0.015723608991039927	2.0198506940607635	312	0.0348419534430735	8	197	-94.52937	-226.16736	-2.5101662	-178.3636	-0.49614608	-100.41333	101.84966	275
239	0.6895311096304959	2.90025932695651	0.02866827515376769	6.270865873273835	383	0.0048155458546358994	3	195	-37.948723	-226.35649	-2.4979699	-179.28651	-0.4254065	-89.30302	106.00978	92
240	0.6264948628175532	2.8643899785517575	0.013975867656578867	2.929312286598826	122	0.014040145014487228	3	233	-42.077267	-225.84895	-2.472149	-178.55371	-0.31944066	-89.854294	105.23415	218
241	0.6741967955660735	0.192818948122092	0.012283785072005242	1.241965973481285	55	0.0003901343713773981	9	207	-37.674694	-226.37517	-2.460472	-180.07616	-0.3154349	-89.38039	106.24783	159
242	0.7394833013886735	2.332495075746208	0.0954119385561593	8.084568820842723	313	0.36964373921579047	7	191	-37.980747	-226.37175	-2.4393792	-179.02124	-0.55699754	-89.27403	105.93903	79
243	0.9516491729385392	0.22264771995555538	0.05787160541847368	3.0339846252400147	179	0.051102895682358124	6	172	-92.210075	-208.46562	-2.594368	-179.53418	-0.45614436	-96.65208	96.81419	249
244	0.7532250468808864	1.795890631123461	0.013266903153427724	8.387847471518201	171	0.00013404183581972192	2	201	-38.087154	-226.41261	-2.4639933	-179.99539	-0.4512302	-89.48207	106.16344	213
245	0.8478170332374746	2.704261729437262	0.03864392169097433	9.81641095236475	261	0.003818679230089594	4	165	-37.95831	-226.16222	-2.4889736	-179.39168	-0.56072307	-89.31238	105.94168	102
246	0.8645560352225057	1.5351572045752064	0.07272376848856656	5.570730426448421	267	0.001432206755151187	6	226	-37.365597	-225.77345	-2.5162702	-179.12358	-0.41503623	-89.03878	105.856125	21
247	0.6597248116412558	2.4558849124006668	0.049179236533316635	1.0737207429797961	101	0.0005715415245455888	7	247	-82.245026	-226.11311	-2.5360389	-178.55162	-0.358268	-97.960815	102.2216	256
248	0.9395478280612188	3.5800695792725103	0.15491237642879344	7.1373730475778	264	0.039440823837350696	8	247	-37.929012	-226.26514	-2.5067842	-179.58994	-0.76908356	-89.41199	105.97337	183
249	0.9777890486586103	3.1244770925115333	0.10904538242713317	8.430105876105918	67	0.0035551433095119276	4	204	-38.006668	-226.42172	-2.4503126	-179.61398	-0.5643876	-89.41142	106.074036	182
250	0.7388437280884026	3.153801612791513	0.0363917246474013	2.0874508663489615	323	0.008395998612883602	2	187	-89.44933	-226.16913	-2.4989061	-178.67447	-0.50844437	-99.46006	102.008835	266
251	0.6280534755288033	3.584281641113442	0.024253847531571848	7.138876945837121	355	0.21064996474469902	8	237	-37.883003	-226.33589	-2.5043967	-179.59186	-0.49489713	-89.362015	106.06008	143
252	0.9436018690983035	3.502100672123727	0.04862280035112669	2.5719798131116707	309	0.001285750652074435	6	198	-88.70164	-226.45625	-2.4963734	-178.82545	-0.6574366	-99.42744	102.11091	265
253	0.6584382829044182	1.9831424109050728	0.01230183382347509	9.405814190443037	290	0.000782757187465811	8	162	-38.04065	-226.2418	-2.4002697	-179.8258	-0.49897522	-89.401505	106.0809	171
254	0.6174788272896068	2.9421487984366	0.06916218205002905	7.4517520818425425	367	0.0012652457724612232	2	201	-37.973534	-226.38036	-2.4900303	-179.46126	-0.51640624	-89.36432	106.03415	148
255	0.8528293419470221	2.4675869386810327	0.02905174692148435	9.603582200223169	242	0.5148171779866932	8	175	-37.9586	-226.19125	-2.46674	-179.40616	-0.63829684	-89.33221	105.94241	118
256	0.8454628628069811	4.845255988523686	0.013510364190139817	2.7325158603824593	210	0.08448110743072011	7	176	-79.770744	-226.30777	-2.4975014	-179.29265	-0.4182844	-97.65739	102.52563	254
257	0.9189650390462695	4.825218183902833	0.040069076426863304	3.5339861828115424	297	0.0048335998622144405	5	232	-41.22799	-217.90373	-2.4668083	-178.27618	-0.31763393	-88.03847	102.733284	5
258	0.938646964504986	4.835692041021924	0.050757974286417214	3.4604237170768037	232	0.14182912853182378	7	239	-40.05675	-218.36807	-2.4634836	-177.78845	-0.3179469	-87.798935	102.90868	3
259	0.9191497102001475	2.0451551193593582	0.02050304873914365	3.514338621356018	152	0.0034502594810246045	8	164	-56.71661	-213.21422	-2.4700997	-179.6376	-0.3373907	-90.47518	100.0302	221
260	0.8668845974842565	4.670045621664225	0.09367293983704247	5.079797226200286	103	0.00046760689229061707	2	195	-37.231823	-226.0995	-2.4782517	-179.32893	-0.45307934	-89.11832	106.02126	35
261	0.7882121089305977	4.974988019087703	0.17403206321563916	9.118142636441064	319	0.22782833205985098	5	238	-37.830547	-226.32123	-2.45992	-179.82845	-0.5082348	-89.38967	106.1184	166
262	0.7293856074261524	1.0587213264530742	0.051782780500468514	6.492733182580048	397	0.0677602660684003	3	238	-37.775146	-226.26355	-2.523969	-178.37064	-0.81670976	-89.15	105.71975	46
263	0.7370744684698651	1.9470752977669044	0.0977255812129287	2.7338523478402412	185	0.009019287820342479	5	194	-102.028435	-226.2902	-2.493262	-177.62654	-0.4987516	-101.78743	101.69968	284
264	0.764780479819998	1.4827392832657647	0.025420867170445272	7.8734738407104325	311	0.0024506700553200284	3	200	-37.96919	-226.39603	-2.5077422	-178.66498	-0.4954003	-89.206665	105.87183	58
265	0.8129372218932671	3.86745208010568	0.1970269825819877	3.5191672870636834	169	0.0017285854086250526	2	214	-51.821712	-214.0355	-2.4854243	-179.30829	-0.3297743	-89.59614	100.64429	216
266	0.6512366430467552	1.7064614324643987	0.07262083218841366	8.202186174362735	85	0.0001537624511137975	9	235	-37.763424	-226.28394	-2.4808471	-179.8437	-0.45782325	-89.365944	106.124054	150
267	0.9621282476768516	0.35248009009308234	0.028338192147351983	1.1517137751708875	90	0.00026130448872530466	4	157	-88.68309	-226.47	-2.4624615	-180.1011	-0.3124713	-99.60582	102.456474	268
268	0.6222715000173449	3.250492388353037	0.03695454252916271	7.393463401495267	303	0.0011992115053400334	10	229	-37.96898	-226.21295	-2.49145	-179.62025	-0.51554453	-89.36183	106.01434	142
269	0.6059520671138942	2.006831218879368	0.04909088958105361	5.377125918019414	247	0.5347191236179852	9	247	-37.48189	-225.64046	-2.4753923	-178.87325	-0.4836487	-88.99093	105.73976	15
270	0.9106382833975668	1.966016783797749	0.13246885340444758	7.658058713738123	291	0.00022505002043381045	4	214	-37.880142	-226.30211	-2.4221213	-179.0829	-0.45176032	-89.2278	105.96733	63
271	0.663514027523917	0.8273270579205322	0.011804791498404268	3.9185781227855565	279	0.35296486552914486	3	246	-43.07649	-210.95312	-2.481694	-178.87946	-0.32526717	-87.1432	100.48786	2
272	0.7048499240107517	0.7220956677484319	0.048281393142958116	3.839341247283323	343	0.9166533794161115	2	216	-74.91798	-208.56352	-2.5030296	-177.99828	-0.34159443	-92.864876	97.05898	231
273	0.9266307186342984	1.6994109124021235	0.03402600740760936	6.046286782013684	227	0.003512722298945415	9	162	-37.911915	-226.24226	-2.5247304	-179.39401	-0.48043004	-89.31067	105.983154	100
274	0.6064557253159856	0.4766290189606348	0.17547124990134125	6.259150448871943	132	0.02596150299342477	3	185	-37.716225	-226.23987	-2.5411313	-178.3389	-0.6643435	-89.10009	105.74086	31
275	0.7580891896742037	2.535645100734131	0.03813020694651997	2.2110002539559392	371	0.00010695268437953933	7	243	-89.10799	-226.34998	-2.472621	-177.3571	-0.34570664	-99.12667	101.8649	261
276	0.9207416766467348	0.7506067544612323	0.023309147947357327	8.036150859202628	149	0.044520295462336684	4	238	-37.94288	-226.42494	-2.495666	-179.88408	-0.38252017	-89.42601	106.1691	195
277	0.9321899561692011	4.84542358243775	0.03971511408399324	4.513303197796373	219	0.0004774082829998025	6	223	-37.83587	-226.27269	-2.5234869	-179.53615	-0.40903798	-89.315445	106.04764	108
278	0.8059078366910039	1.5768328168433423	0.011431926771229995	1.5807135786562347	328	0.002622065613736545	7	189	-107.29306	-226.40273	-2.496599	-179.95325	-0.38767645	-103.30666	102.22306	289
279	0.8727080313898085	0.8680786185349997	0.06156408241743186	8.710198910057096	367	0.05464582774032955	5	223	-37.82598	-226.36125	-2.4755957	-179.43297	-0.49309313	-89.31777	106.0477	111
280	0.9690255608653554	2.489498970860391	0.037166219221329476	4.785189150259855	264	0.00017523722730763172	3	165	-38.241337	-226.39404	-2.542284	-179.20648	-0.41615853	-89.36006	105.96245	139
281	0.9819466500793805	0.25180771687722847	0.08070401273189431	5.763688098736578	106	0.05381640146944722	6	249	-37.232235	-225.7231	-2.495137	-178.78131	-0.8001509	-89.006386	105.70725	16
282	0.8953922072686185	2.423556298466406	0.010648195732859264	5.637930690400788	191	0.08821115367043476	5	152	-37.98937	-226.45193	-2.4664636	-179.87927	-0.309516	-89.41931	106.19244	189
283	0.9374505641674092	2.482663473851226	0.020344495311595986	4.584422245088871	225	0.004002354077876726	10	207	-37.704742	-226.34001	-2.507922	-179.76192	-0.46116918	-89.35515	106.12561	133
284	0.7625466838734518	2.3723226415554093	0.11630064724653183	3.1906092611423715	320	0.10686604930744051	7	182	-70.81047	-213.75375	-2.472991	-179.22801	-0.34417012	-93.32188	99.107056	235
285	0.7935397241131449	2.9985288633158222	0.01943508326810021	1.2975637529544852	150	0.9760723728123533	7	240	-64.070274	-226.32181	-2.4768052	-179.17474	-0.34317273	-94.47736	103.44871	241
286	0.7384889213205228	0.8828846782889515	0.03651829081909397	7.523866645437243	352	0.010983812770000276	7	234	-37.7642	-226.30084	-2.5119357	-179.30382	-0.723139	-89.320786	105.95268	114
287	0.7359596247406698	3.0019879629203774	0.02449414428671948	2.9381314762313444	138	0.00044631681518147743	4	206	-98.58201	-226.3017	-2.5093656	-179.06538	-0.43955982	-101.37959	101.995895	280
288	0.7142317734575583	0.9090046989146287	0.017282077645767273	7.299933661342236	366	0.0007108674262677287	2	155	-37.807037	-226.28513	-2.516642	-178.29483	-0.4052112	-89.06177	105.79447	23
289	0.7084549032807143	3.7936250374607843	0.031399704810276687	3.526372631860328	69	0.0005690331571806024	4	221	-39.476364	-220.34364	-2.4720414	-179.78032	-0.3131923	-88.47712	104.03831	10
290	0.7559230934898943	0.5170108050361318	0.06556698857512115	6.483119577685004	389	0.0002408791967894985	7	177	-37.955505	-226.27264	-2.591356	-178.53209	-0.54622126	-89.17957	105.777695	52
291	0.834833680736658	4.17583734291472	0.04461566234355175	6.062619693063409	179	0.00011553761197739477	3	174	-38.005047	-226.3176	-2.4657886	-179.71419	-0.45800096	-89.39213	106.081055	167
292	0.739863830320337	2.4776311527982546	0.02328380260994658	5.140773534469289	321	0.47856126472940014	6	207	-37.40742	-226.10179	-2.4825833	-179.109	-0.4597313	-89.1121	105.95152	33
293	0.7960786878103284	4.418435374897024	0.030196852269209925	8.690110832528912	358	0.00029382418072286455	5	250	-37.87554	-226.32793	-2.4589252	-179.79517	-0.4137594	-89.37426	106.128006	155
294	0.8308103791161413	1.0738496758154257	0.06631877646011171	7.192598486186146	96	0.15643488710703154	7	225	-37.88808	-226.33739	-2.4988852	-179.63002	-0.46341437	-89.363556	106.07579	146
295	0.8569348315934693	2.719812911227879	0.03342150396423761	8.324459809208264	67	0.00017061304519830619	6	236	-38.015022	-226.4257	-2.4626532	-180.02942	-0.3747394	-89.4615	106.19997	209
296	0.8589790765561702	1.9980858682891511	0.08598722612104674	5.269744982806994	118	0.0003328334681732122	6	226	-37.36556	-225.95386	-2.4830613	-179.10114	-0.45346034	-89.07142	105.90838	25
297	0.7357766287675784	4.650280746447953	0.026779800218559236	8.335682099434457	364	0.5459511554744703	2	209	-37.82813	-226.38058	-2.4330935	-179.74387	-0.5272035	-89.382576	106.12136	162
298	0.6807256992863492	4.372956094894041	0.035001552973673286	9.413499097397034	366	0.00010007707282550967	9	239	-37.9275	-226.37155	-2.445869	-179.89265	-0.50392145	-89.4283	106.14033	196
299	0.7078590921384913	4.133872959200102	0.05248537557661718	1.737951506837692	75	0.011372297631978237	5	160	-88.73439	-224.86743	-2.4650328	-179.83342	-0.32958022	-99.24597	101.902626	263
