	param_model_config__colsample_bytree	param_model_config__gamma	param_model_config__learning_rate	param_model_config__min_child_weight	param_model_config__n_estimators	param_model_config__reg_alpha	param_model_config__reg_lambda	param_model_conifg__max_depth	param_selector_estimator_config__n_clusters	split0_test_score	split1_test_score	split2_test_score	split3_test_score	split4_test_score	mean_test_score	std_test_score	rank_test_score
0	0.6305233157495829	3.921602081976562	0.03718635067633043	7.511186600478471	285	0.9814768764690818	0.7138871482375893	10	189	-37.962795	-226.29866	-2.4840488	-179.32297	-0.55657494	-89.325005	105.9725	89
1	0.8111059179283082	4.3571271452182625	0.02694212130266539	4.536480788837575	350	3.068184185633249	3.6914924077217	7	206	-37.887962	-225.723	-2.7759602	-179.39082	-0.3110354	-89.21776	105.80194	44
2	0.9724824078756087	0.22200621499670528	0.06044107157955396	9.55116550372281	301	1.068680189842134	23.058900153692324	9	249	-37.308136	-226.2196	-2.4780948	-179.67435	-0.42519304	-89.22108	106.130104	48
3	0.75385982617858	1.851628681109584	0.017846845577536696	1.904265745309306	192	33.009510989016306	0.1950021377225478	5	214	-38.0708	-226.35458	-2.515647	-180.16006	-0.30652076	-89.48152	106.20162	151
4	0.9074590026078038	1.638573918342045	0.05559077569074713	3.484441434976256	167	0.14042831377653514	0.11111476918934589	6	169	-75.422386	-213.73497	-2.4823046	-179.42757	-0.33344537	-94.28013	98.90397	185
5	0.8877296490036166	2.12365996265779	0.15110674897952728	2.6240645728241345	230	0.7313326467010689	2.020247589711799	9	217	-69.365326	-226.41315	-2.5368948	-179.32445	-0.35559633	-95.59908	103.12899	190
6	0.7036543083634554	2.0854753859862067	0.07381188091990584	4.9555118187110825	210	5.30807130995716	0.6461903812480768	5	198	-37.99875	-225.90027	-2.7142642	-178.82751	-0.33352548	-89.15486	105.73392	32
7	0.8370378749293492	1.2520899955615752	0.18007615762894044	9.505434014135144	315	2.744632980292315	2.8031394193931862	10	204	-37.692005	-226.08186	-2.4528666	-179.45398	-0.5251181	-89.241165	105.976166	56
8	0.8967388802733867	2.480543620673594	0.015068843978165316	4.091828767339225	297	8.067005935657864	33.034204254524454	2	212	-38.07799	-226.18704	-2.6201553	-180.00777	-0.3069386	-89.43998	106.0928	138
9	0.9185562803130194	2.6597116272078987	0.039746036974966426	8.003922413895069	210	0.05362238804627125	17.401053924087194	3	155	-37.877792	-226.0703	-2.3860695	-179.59834	-0.49672878	-89.28584	106.00024	73
10	0.6162623237746743	4.390791451863408	0.02289901770836953	5.281880494818198	275	0.29789345636446907	12.976656073327387	6	241	-37.769623	-226.05643	-2.5073185	-179.60225	-0.3510095	-89.257324	106.01542	59
11	0.8563124241508604	2.530483576280222	0.041253404604254876	5.26811219639587	258	1.655173678968235	4.9368137690548926	9	205	-37.230022	-225.95831	-2.4891937	-179.12212	-0.42538458	-89.045	105.93545	17
12	0.9042060479921132	0.13500204886709263	0.03521816683756598	5.1682259623433255	397	0.061316792201838756	10.194325797197862	4	213	-38.461708	-225.01889	-4.045743	-178.91397	-0.5625133	-89.40056	105.092094	122
13	0.8346883682662525	1.0113945501143071	0.11398716617854551	6.227626688274931	261	8.955280345192081	1.0309681764648548	2	184	-37.8356	-226.16719	-2.4278193	-179.55998	-0.48811615	-89.295746	106.021706	78
14	0.7952391685058897	1.1808403604474627	0.052032299178431204	5.703319957675465	101	0.04221820468041294	17.494053224973317	3	183	-37.973118	-226.2839	-2.5112908	-179.57523	-0.36573797	-89.34186	106.054504	96
15	0.7766118970810559	3.624237494292449	0.12584020243216046	2.514477748305199	127	1.0798813574850727	0.04067073116127244	6	239	-71.337105	-226.28201	-2.4958968	-177.37595	-0.3310712	-95.56441	102.58938	189
16	0.7126135271393975	4.058567147622403	0.01143516006710018	1.0739485453538085	243	15.552474841343846	2.2639272031858795	2	214	-37.495228	-226.0734	-2.5113926	-179.90079	-0.3082041	-89.2578	106.1261	60
17	0.8071120307586188	1.7053215586677932	0.01344333260665477	6.100897641562924	105	0.1681436164650631	1.5264114223667713	2	190	-38.096302	-226.44121	-2.4675922	-179.99292	-0.36632055	-89.47287	106.1881	149
18	0.9904855288314907	2.8021201107788203	0.012396667162288523	4.060610363926861	323	7.070167871422788	0.19809094355792942	4	198	-38.03428	-225.93454	-2.7399054	-179.39835	-0.31291503	-89.284	105.86103	72
19	0.9650610745665521	4.319626486531023	0.03303532348649452	5.917027921122997	124	23.372316026977284	0.012959669742792227	2	183	-38.082577	-226.3392	-2.4843764	-180.10754	-0.30895835	-89.46453	106.189926	146
20	0.6285358749028829	1.867824419547584	0.034991297459266046	2.6326386015163026	161	0.054226610784048515	2.5471053619943316	2	176	-77.760765	-225.92934	-2.524806	-179.24852	-0.4291203	-97.17851	102.48058	192
21	0.6770032875839421	1.8371039884234697	0.031065525125379866	2.856572708505889	307	0.05824345618583849	0.5763874728978284	6	194	-92.42364	-226.24332	-2.5360363	-178.50491	-0.6212227	-100.06583	101.898415	195
22	0.6930684382527895	2.3102851544576586	0.022882156288817655	5.5162620200658115	221	0.015540218131097561	0.010159218185100157	9	155	-37.603252	-226.31848	-2.5118833	-179.3581	-0.3083599	-89.22001	106.07632	47
23	0.8153703354357289	2.7362793095570814	0.046326302324657086	3.1796730124688395	168	1.7082391759613156	0.1158109381585191	8	238	-38.76827	-219.14948	-2.4750655	-178.10664	-0.3154021	-87.76297	103.3755	1
24	0.7547821034683295	0.12038478121130546	0.015519378488149877	1.3300133615616787	204	0.3721149417782736	1.5698084950162445	9	228	-56.70382	-226.3598	-2.4948363	-180.03203	-0.33845505	-93.18579	104.22811	181
25	0.9954537338247754	4.111850463854164	0.06731450240748209	7.849762697995173	263	9.942283674730962	0.021713583373338802	7	220	-37.930557	-226.20523	-2.4627104	-179.93877	-0.43044016	-89.39355	106.1081	119
26	0.8718387070056941	2.303027309391565	0.032133896172025445	6.9566117227324185	239	0.02439630032681065	3.4153836018938417	9	203	-37.888786	-226.28227	-2.5016222	-179.2588	-0.5425811	-89.29481	105.961876	77
27	0.8702738530696112	2.542511649046552	0.10202921919483234	6.085466805439345	327	1.4060855568844874	0.11759296750523518	6	229	-37.73578	-226.32423	-2.5198045	-179.30849	-0.7130177	-89.32027	105.965195	86
28	0.8515405612258589	1.3670885431039645	0.12643020399810354	4.79128337739346	172	0.028289378694250758	0.02201476071768266	4	217	-37.65676	-226.15088	-2.548752	-179.66641	-0.388342	-89.282234	106.05699	70
29	0.712352094979568	1.4298770628486623	0.14394631932589552	2.831579246508999	311	1.1521291927970019	0.1632801235722974	10	212	-96.82695	-226.22719	-2.4958448	-178.62894	-0.59648937	-100.955086	101.86932	197
30	0.8246962624275506	4.481312151085456	0.060028266549719274	4.033308514872411	337	4.846178514561877	38.877202766532314	7	229	-37.973476	-225.88893	-2.9990938	-179.78983	-0.3113828	-89.39253	105.88453	118
31	0.7419453601880821	3.0638314112648932	0.05400599252442913	6.617172904319296	368	2.4104172036729548	0.1648710458152589	5	187	-38.007862	-226.25726	-2.4935946	-179.59653	-0.51668334	-89.37439	106.01821	110
32	0.9873652804867398	2.0858114371463796	0.016151331600198715	3.682119242807681	393	0.05615673931673944	27.184524575427425	10	161	-37.982216	-225.37057	-7.4568	-179.86606	-0.30320805	-90.19577	104.83994	172
33	0.7654595880549958	4.662493791416335	0.024168372177981984	7.064251015920878	295	0.09540823661422747	18.272516715182366	2	152	-37.93644	-225.88625	-2.447949	-179.39687	-0.42551687	-89.2186	105.89309	45
34	0.6596899802764347	0.8898800451625501	0.01171215656536543	1.4231184852961019	213	0.01783226619280886	2.280039676096989	2	199	-39.315907	-226.35002	-2.469735	-179.93164	-0.3284879	-89.67915	106.00697	165
35	0.7564940803142549	4.553745807683919	0.020285623503049747	7.286570407828521	179	49.66398166996635	0.015021443919151188	2	248	-38.11705	-226.46939	-2.4558945	-180.17648	-0.30459082	-89.504684	106.24917	159
36	0.8156226802726544	4.469493844015674	0.11773173577194986	6.484479769401617	273	16.57651448633289	5.961731365064364	5	161	-38.066883	-226.35995	-2.462602	-180.04605	-0.3575875	-89.45862	106.17965	143
37	0.8870545741653395	0.579157985491795	0.024460244401053405	5.3732985038872565	270	0.07581429343721797	2.872772732434199	3	166	-37.321156	-226.32686	-2.6586127	-179.2051	-0.4219499	-89.18673	106.02719	39
38	0.9101930212905427	1.0592942136800256	0.04169715321580349	1.9320272232706612	340	0.9164915829762852	3.396136738813005	6	181	-58.38341	-226.43669	-2.604097	-179.90184	-0.33770835	-93.53275	104.05754	183
39	0.8580825135836097	1.0099561012630345	0.15167880600048783	7.736211973932475	107	11.45089168605518	0.010778234954658392	3	235	-37.73574	-226.13196	-2.467533	-179.79475	-0.40061656	-89.30612	106.08267	81
40	0.666285569898447	1.7800886668177929	0.17360336662789744	5.376101258177679	207	5.634308681598672	3.0102146713310085	6	179	-37.61141	-225.94328	-2.5372896	-179.44058	-0.33391303	-89.173294	105.96116	36
41	0.9638772157249449	3.771276534062335	0.12481537738986093	8.852914307650522	138	0.5321627075185553	21.15327914067312	9	150	-37.88098	-226.10176	-2.3948524	-179.52193	-0.45038328	-89.26998	106.00164	63
42	0.8442466817341354	2.2641263464845776	0.012017910399377644	9.588883155141522	387	9.727073953055713	0.690024700646914	9	168	-37.97546	-226.23582	-2.414573	-179.88982	-0.53353155	-89.40984	106.09035	124
43	0.6010497415301589	4.303689294491825	0.03823603205864383	5.439848730752617	357	0.3463008041613585	38.289043468947845	8	193	-37.82785	-225.93399	-2.6461403	-179.54591	-0.32145312	-89.25507	105.93468	58
44	0.890008438451714	0.4562221573358465	0.018794514654485547	6.760643284640913	391	0.4610373155811617	27.282312835662047	7	211	-37.864735	-226.2478	-2.4722703	-179.85956	-0.37793654	-89.364456	106.12197	104
45	0.8549934312027239	3.2576329916859588	0.023225810023287923	5.237991970561614	349	4.314629044161743	12.82169535947921	4	200	-37.758156	-226.03908	-2.5587945	-179.44246	-0.3633499	-89.232376	105.96408	53
46	0.9950848002012647	2.4617672380419657	0.10364776192011395	7.568282513428251	321	4.3139507340227	0.10386895757388394	5	180	-37.938717	-225.98277	-2.4522665	-179.28357	-0.7205888	-89.27558	105.83719	68
47	0.9071605629970119	0.1079969498683782	0.048350511417663285	1.2051664461456073	220	0.6194925980606693	0.1999557754879239	2	205	-138.79501	-226.4581	-2.4787567	-179.99791	-0.38168752	-109.6223	103.5225	200
48	0.6291715618640896	2.064941798912611	0.04525656502336653	1.3100083332078793	155	32.7845362743766	46.630561453621866	9	191	-38.11498	-226.4641	-2.460133	-180.17648	-0.30431682	-89.504005	106.2469	158
49	0.9517933653520462	4.991119855775334	0.016608537315388455	3.9895986602992126	336	25.594908543322475	24.28294173698462	7	194	-38.112328	-226.4222	-2.4841907	-180.17583	-0.30317625	-89.499535	106.2289	156
50	0.9689358390127536	4.807811354664947	0.011570455366085482	9.244163716320395	177	0.5103583259764951	0.4559472777201743	10	201	-38.070164	-226.36143	-2.4499552	-180.02405	-0.45473817	-89.47207	106.15726	148
51	0.9009860943338073	1.1782360310358737	0.030146976387038536	7.950870352991879	129	0.15843219482600435	0.018216458089276875	4	197	-38.06266	-226.40756	-2.4939363	-178.97542	-0.4136661	-89.270645	105.94987	64
52	0.7995780305966191	3.131530038236305	0.021318335098211766	7.161940555454952	152	0.08010579144690419	0.6403352353461476	9	206	-38.019814	-226.3592	-2.4834032	-179.61765	-0.47021297	-89.39006	106.06598	115
53	0.8121582348529326	1.753015176908487	0.16755895780904392	4.737897672518576	116	0.017419063192444417	28.293427331754742	4	179	-37.834866	-225.14586	-9.652714	-178.51236	-0.31684884	-90.29253	104.06532	174
54	0.7067219963682634	4.579273282339227	0.016491224835367923	3.8256360762283235	339	0.6395950057609181	44.19722648071879	7	177	-38.083515	-226.06013	-2.5532432	-180.01842	-0.3030581	-89.40368	106.068016	123
55	0.8978608522545453	1.6940054705064187	0.024500819211430335	6.596454328299781	105	0.2819295625420506	0.035323541984531956	9	173	-38.090027	-226.34335	-2.470488	-179.86426	-0.4174044	-89.43711	106.11858	137
56	0.726124428767614	2.919259572199572	0.08164218356907187	9.465016793279652	299	0.012018190991636672	0.02294580560872185	4	210	-37.57396	-226.35695	-2.4305854	-179.83685	-0.58991504	-89.35765	106.15186	103
57	0.98405787664844	4.480361191009537	0.01843913537641428	3.284316592368574	361	1.2835246073742166	0.23075791462680015	10	154	-43.672325	-216.31221	-2.482784	-179.31586	-0.30723193	-88.418076	102.18842	5
58	0.9402156251179494	3.199722914053738	0.017331577930197753	8.080698120489693	364	0.026227830803996287	1.7095989535710505	10	183	-37.955627	-226.33038	-2.4585102	-179.43204	-0.5455752	-89.34442	106.01431	99
59	0.7980144265583107	3.1877118937645443	0.027487541630279614	9.681555873272323	166	0.5897827712842567	21.82357857891261	3	248	-38.009937	-226.33832	-2.4665558	-179.99078	-0.34248626	-89.42962	106.170135	132
60	0.9723065052302879	3.034931819572488	0.0647818496845089	4.805444823868783	242	0.013988497661410533	0.1489257350764728	2	155	-37.72012	-226.40823	-2.551271	-178.89095	-0.32052153	-89.178215	105.98149	38
61	0.924899184456424	3.2303871986516444	0.01133299395736929	7.707346497278002	338	0.2453505305131074	0.027080512152167228	10	199	-38.043938	-226.34868	-2.487569	-179.31442	-0.4561603	-89.330154	105.99734	91
62	0.72920377567929	0.14773826426698936	0.18903567319229087	9.723484859040992	247	1.9348636676143374	2.9793274404925585	2	162	-37.729656	-225.70764	-2.5172637	-178.79622	-0.8428484	-89.11873	105.63127	28
63	0.8341492700066512	2.768160083219739	0.19870791297258442	4.42196752651788	350	11.22766895474018	0.029269743774412826	7	194	-38.051243	-226.04008	-2.6509714	-179.46709	-0.3305205	-89.30798	105.92216	82
64	0.7482562520416682	2.2136580022219516	0.05361124588602573	9.941252491473197	222	0.4631597435818114	13.769797115729157	3	152	-37.829155	-226.1269	-2.4116645	-179.55388	-0.5516027	-89.29463	105.9982	76
65	0.9628149507279162	0.4835095539025991	0.1016947360560625	1.1388917389320161	130	4.525554241842906	11.276950615917148	6	180	-37.37769	-224.71596	-15.397128	-179.71362	-0.30255193	-91.50139	103.15762	178
66	0.8228061748635703	4.679321702620837	0.10429632949900017	1.595961496661539	350	0.029871395329120424	4.552867118247191	3	187	-44.0463	-226.29869	-2.60726	-179.75119	-0.30604628	-90.601906	105.38624	175
67	0.7519569666769836	0.6065079661885427	0.07196918980914645	4.533450134208914	212	0.026159918530841108	1.219642735730777	2	152	-37.72201	-226.44807	-2.7449183	-179.09927	-0.3153477	-89.265915	105.99981	62
68	0.8817836531380272	1.741313447675225	0.0394645768330257	9.45347035226785	184	0.4796571777838588	0.011378765023646391	9	192	-37.75326	-226.3763	-2.4515095	-179.38405	-0.5863834	-89.310295	106.036415	83
69	0.8891832196411071	4.051870087629702	0.02823252221512202	7.440622911530283	277	1.9590116555304515	0.08093674839925537	2	157	-38.038948	-226.1421	-2.4904726	-179.29698	-0.40705234	-89.27511	105.9372	67
70	0.8796777019644346	4.297746924759725	0.03849044883824375	5.6709852663948075	292	0.09623779514413829	0.013404515590774387	8	184	-37.22206	-226.31468	-2.4736898	-179.41458	-0.41359308	-89.167725	106.11938	34
71	0.6479997490409102	2.1665269289028144	0.019932841138640554	7.0107443326655465	290	8.551991845534957	0.06789132372967435	8	232	-37.85283	-226.17174	-2.471754	-179.90694	-0.37348968	-89.355354	106.11002	102
72	0.8061608734653888	4.204741750578127	0.016346023636247948	1.1324674547268372	342	0.15072144638461848	11.911046002208217	10	159	-37.218002	-225.8527	-4.2401342	-179.32211	-0.30367205	-89.38733	105.61563	114
73	0.6217171335156101	0.4628424499739201	0.18451937762278833	4.708562115341058	135	0.014453492025219547	3.3353665294436583	4	246	-37.804108	-226.02135	-2.6974037	-178.48337	-0.4553332	-89.09231	105.7017	22
74	0.9808065168959983	3.196207551976963	0.012330844477038496	7.033581848333485	355	0.033917635142985	2.241923858319974	9	185	-38.046425	-226.30272	-2.4816558	-179.06638	-0.46838155	-89.27312	105.92822	66
75	0.932010283101904	4.451805909444469	0.022623521035946566	7.77065768297779	217	0.015127034607579875	4.9705596733961865	10	194	-37.95327	-226.21144	-2.4849436	-179.20901	-0.52351594	-89.27644	105.92801	69
76	0.6865603150563764	2.3974542958430147	0.013738216580384257	9.856458570952556	178	28.137649613207277	9.600178764705714	3	224	-38.100506	-226.42384	-2.4599252	-180.15862	-0.31326917	-89.49123	106.230034	154
77	0.7366832367225201	4.147006529025975	0.06392105200032579	3.384258545887078	108	0.1371661623113398	41.55969600867125	10	237	-37.937725	-225.8984	-2.7504437	-179.77469	-0.30924273	-89.3341	105.9399	94
78	0.6146624790606902	0.7396553083650644	0.01601377158150902	4.1600964567494145	330	9.168787907177032	0.7538007507844645	7	184	-37.786514	-226.16266	-2.6206596	-178.7462	-0.3097333	-89.12515	105.851395	29
79	0.651674136974214	2.138231305058842	0.011899005695255791	2.0758499405190576	185	10.744942999446428	17.868126566738013	5	199	-38.069363	-226.27832	-2.477795	-180.08183	-0.3025659	-89.44197	106.169106	139
80	0.7669502869636035	1.9787456351283188	0.03506784164071097	5.139887332181006	202	0.023572893399048705	0.013388593425182194	5	222	-37.539482	-225.77829	-2.4832575	-179.16995	-0.38474357	-89.071144	105.85945	19
81	0.8521493732577972	2.0612055127583697	0.1555757780468479	8.392742877500238	253	0.07876116198282052	7.827002151920997	8	175	-37.768448	-226.08047	-2.4142501	-179.11053	-0.57868737	-89.190475	105.89013	40
82	0.693129561528304	4.2809833530153885	0.055895896658175404	2.1871268622648117	174	3.8604491133512653	23.82760584082682	8	186	-37.60341	-225.45792	-3.0947056	-179.70932	-0.30285975	-89.23364	105.75583	54
83	0.6236803381255502	4.34798693608482	0.01587236740384451	5.961875609415764	371	0.03397351510478654	0.013535893330555177	7	179	-37.212936	-226.3456	-2.4795034	-179.39603	-0.42770785	-89.17235	106.1224	35
84	0.6634630691500932	3.205260472263731	0.013814278738877786	4.47770356886107	376	0.01626937149164235	45.79906955524729	10	221	-38.066517	-226.13725	-2.5016527	-179.9611	-0.30732977	-89.39477	106.09235	120
85	0.7491364027076579	2.3116215934871094	0.02524608123589379	8.332230526464805	256	0.07718008893708778	5.139788580198442	6	197	-37.84636	-226.32703	-2.4611754	-179.65723	-0.54354554	-89.36707	106.07424	106
86	0.8129898543733014	3.3247444203627214	0.018743727975185937	3.9486710939431857	291	1.5217267133054868	0.03719170721208864	10	190	-41.827263	-218.06444	-2.4850826	-179.0617	-0.31324288	-88.35034	102.88594	4
87	0.9072510371280758	2.5249182630199547	0.014002006226225777	7.511207186808776	247	0.09816087946325	4.6177531776977085	7	198	-38.024097	-226.36649	-2.4835618	-179.6341	-0.46917725	-89.395485	106.0715	121
88	0.8800662861337389	4.055282550498563	0.14212246979254634	3.9350735656360243	348	0.08896016830154191	3.310498229443483	6	173	-42.590073	-220.59753	-2.5016928	-179.5503	-0.31983042	-89.111885	103.70296	25
89	0.9057796026327362	3.219500859742679	0.01236014690632709	6.287083528797174	185	0.017656231270628528	0.04211742560236349	9	212	-38.04847	-226.39389	-2.4281926	-179.67	-0.4172913	-89.39156	106.10725	117
90	0.7222309921915911	1.2914862015821003	0.12629073784502387	9.204672980078	206	0.21397899851014662	1.3618362059864275	5	166	-37.928116	-226.27635	-2.5090153	-179.09543	-0.6107405	-89.28393	105.904755	71
91	0.7966509145710667	4.389950562063869	0.025904475493063153	2.973269271209843	116	5.004812440915601	18.79783522726968	4	202	-37.975056	-226.0995	-2.6700482	-180.04904	-0.3035829	-89.41945	106.07636	129
92	0.6193837825620584	3.6775084107101224	0.103664324314154	3.6191685489150753	191	2.0120946321518485	3.061789389116515	10	234	-37.87514	-220.22606	-2.5099022	-177.91557	-0.30645475	-87.766624	103.77799	2
93	0.8034756796694165	3.192858495718755	0.023158163548753365	1.9107887767348255	233	0.02064370005954591	7.739482088840414	10	198	-42.329803	-226.31792	-2.6841178	-179.70155	-0.30474764	-90.267624	105.55844	173
94	0.8473814049911477	4.6729800042989345	0.10011606563481339	9.885224017273185	268	0.3612101171571985	1.364445642790838	3	151	-37.971176	-226.26407	-2.4261396	-179.62225	-0.43544716	-89.34382	106.061165	98
95	0.8528608569606774	4.5633674972246006	0.010051294562157887	8.357360226059978	337	3.955853945926502	0.1422639820946076	3	198	-37.998726	-226.33102	-2.4539483	-179.87462	-0.48947012	-89.42956	106.11615	131
96	0.9863653830789155	1.6143106024183727	0.014198705398434354	1.6924682044205999	224	0.013205256037784658	47.280663177743016	3	180	-38.111755	-226.34773	-2.5228062	-180.10248	-0.3028756	-89.47752	106.181465	150
97	0.9896763051751541	4.108383624116082	0.03953496904391452	8.606483168057073	256	0.3588870622367663	6.610435310936753	3	208	-37.760986	-226.22649	-2.4601452	-179.60149	-0.52255356	-89.31434	106.0449	84
98	0.9302200850000384	2.114050493257197	0.05643652420291534	9.127618531853216	221	3.393612078658473	0.11355110336859019	10	156	-37.957523	-226.24983	-2.4852393	-179.5044	-0.4078914	-89.32098	106.02682	87
99	0.9354278271546642	1.2011205144515364	0.04202518528030972	9.85506464313325	232	5.130050043555342	3.7261146659528355	3	243	-37.652275	-226.26883	-2.4559264	-179.87073	-0.4312347	-89.3358	106.149124	95
100	0.779709133701274	3.0635548146852836	0.011468151640570306	4.94936188364997	139	0.01550414297570631	0.012845592044781542	8	217	-38.028988	-226.37668	-2.516842	-179.97348	-0.3139601	-89.44199	106.1722	140
101	0.6951067992512784	4.046468268262677	0.03956596731662338	5.820025397108009	106	2.554595168500156	0.08388805678451793	10	198	-37.492584	-226.20056	-2.472307	-179.38654	-0.4449688	-89.199394	106.03722	41
102	0.7738597799693594	3.2560260662236056	0.1774642742091439	3.4246331819695417	345	0.06560863407236465	4.300539243636938	6	228	-40.461792	-217.93825	-2.6951814	-179.09845	-0.31026676	-88.100784	102.96736	3
103	0.7922326234415025	0.6764274975039863	0.04720760055352379	9.74419226518098	340	0.1993712574319603	2.9056071899071654	4	247	-37.453228	-226.18593	-2.4548454	-179.56554	-0.48888513	-89.22969	106.06977	52
104	0.8030767051912713	1.9948476350109936	0.059740221141462234	5.20430427794832	294	0.0888555465388202	0.03480684795215804	3	196	-38.95937	-226.17966	-2.4887707	-178.73834	-0.509386	-89.37511	105.6993	111
105	0.8690123479163394	0.5932731030567195	0.03865152564235114	3.1200338931772764	226	2.1159057666183863	4.691439766331599	7	203	-41.328136	-219.79866	-2.6140525	-178.45412	-0.31797636	-88.50258	103.33045	6
106	0.7812188307027793	3.1479256431530787	0.10446985790515709	1.534775798390545	167	0.01642678626766848	3.133172482764853	5	175	-65.76229	-226.33524	-2.557411	-179.81026	-0.32270193	-94.95758	103.44803	187
107	0.9170084836515817	2.249146771594342	0.11761129064478586	5.923690155006747	388	0.04344958741551562	0.1766280002292613	6	230	-37.30601	-225.73526	-2.4778843	-179.3995	-0.5193701	-89.0876	105.89586	21
108	0.9817392966595098	4.9560646052956185	0.019043689010405762	5.001438215394821	312	0.07696661024572787	0.021385747698491414	10	219	-37.2691	-226.03816	-2.4715602	-179.3486	-0.3737533	-89.100235	106.019035	24
109	0.8045033082531594	1.5744999573153666	0.022479020415409712	6.9537860955871	338	22.262184973398064	11.350974273571914	3	202	-38.078487	-226.34079	-2.4607844	-180.10435	-0.32416242	-89.461716	106.191895	144
110	0.7606402968931333	2.234985365869704	0.02051567762260197	7.926376322138235	185	0.3750900715000355	7.217739636196643	9	216	-37.92018	-226.21921	-2.4572732	-179.83199	-0.45323935	-89.37638	106.08743	112
111	0.7184356664818702	3.2371247212931755	0.02895034703845842	5.362655224545669	187	0.9941669558428932	0.09504452503602459	7	204	-37.207623	-226.11368	-2.4774392	-179.20325	-0.3851071	-89.077415	106.01646	20
112	0.7515825396060478	3.3150888214600367	0.04913520391676035	2.8103441578205954	284	1.115950055072881	0.5926388178480388	2	243	-62.21485	-226.31456	-2.489272	-178.22281	-0.3196293	-93.912224	103.3938	184
113	0.8641853006135162	0.7976199797199962	0.03448077132464383	9.053347325338692	226	42.86448033290602	13.713157466674348	5	192	-38.11705	-226.46939	-2.457251	-180.17648	-0.30520934	-89.50507	106.248764	162
114	0.7178735240876686	3.7308827250987564	0.03536242523050832	8.225974302594588	122	7.219839578287664	0.01286617550644312	5	200	-37.936256	-226.31927	-2.4535968	-179.89345	-0.4727973	-89.41507	106.12751	127
115	0.8905365473714215	4.013671827428359	0.1481669860237259	2.7676175657780964	293	7.813693989366526	1.663214973480143	6	249	-39.08306	-225.45372	-2.56282	-178.22513	-0.32517496	-89.129974	105.36481	30
116	0.9692708909433585	4.879429560144276	0.03415161308318548	3.9391474426190345	237	0.010395032053525646	1.9080971975104237	6	169	-43.101704	-218.20912	-2.4972026	-179.42003	-0.3091823	-88.70744	102.86617	9
117	0.7402252266341207	4.849466547912546	0.09252226212035396	1.490695663275023	124	0.14264142733451526	4.512850705468964	5	196	-47.695652	-226.03885	-2.5508826	-179.2727	-0.31258863	-91.17413	104.821434	176
118	0.8523285240527773	0.18059889083373512	0.012853101293715998	5.7353761788055575	356	10.637765699997216	0.11230631332695154	4	224	-37.3776	-225.502	-2.5596058	-179.31143	-0.35551012	-89.021225	105.81069	15
119	0.6504327491011349	3.4909412553877064	0.053603051672753435	2.984451369326447	190	0.040408129570876236	18.920316664040946	2	151	-37.212734	-225.78181	-4.889173	-179.56754	-0.30656394	-89.55156	105.51457	163
120	0.6503232659804814	3.9352135169790317	0.1428160230676065	2.305550517334243	192	0.016015002918623362	2.2232339774349126	9	173	-66.90162	-226.1681	-2.5009227	-178.9637	-0.32441688	-94.971756	103.15526	188
121	0.6704586680549358	2.866065401514376	0.13482598460584827	2.2640719738704758	159	0.0782421657180676	1.7082553085668124	10	234	-72.803085	-225.67188	-2.4962227	-177.70866	-0.32109	-95.800186	102.3797	191
122	0.657754780656034	1.642531629812641	0.12681977667169517	2.432573997551013	218	0.0432816383582803	7.032150415719305	10	241	-56.44443	-225.66243	-2.5346098	-178.0086	-0.32685977	-92.59539	103.6021	180
123	0.8507828511171749	3.8574678690342403	0.09638942700964032	4.897926105221541	298	0.03614790797055257	0.4297095243333393	8	215	-37.724644	-226.19278	-2.6420834	-179.16983	-0.37785754	-89.22144	105.93978	50
124	0.6773049047411231	0.8209021688173466	0.19027366795106176	3.719135596752953	237	0.4011250825268925	0.3902154556428379	4	191	-55.091637	-214.33609	-2.4968588	-178.19275	-0.3620671	-90.09588	100.184494	170
125	0.8178928854109715	1.8137571715902383	0.09444205166003578	6.625853503778068	394	36.80675987098939	0.012322939482693952	3	208	-38.108784	-226.45271	-2.4585369	-180.17648	-0.3071482	-89.50073	106.24372	157
126	0.8021584564364007	1.1817443472410476	0.12365438745309326	2.8692371462515682	388	28.707389392758206	7.255633293041178	2	174	-38.106617	-226.36661	-2.5784562	-180.09853	-0.30268356	-89.49058	106.17598	153
127	0.7736685181358803	2.907581166321735	0.07246521247420538	6.020943960664485	370	0.4468278898983212	29.075507651821066	7	150	-37.664658	-226.12367	-2.4526706	-179.50526	-0.39784032	-89.22882	106.03059	51
128	0.774149681444025	4.485542765678875	0.014874312626843118	6.262258945394875	199	19.943111067094367	0.36456702554919185	7	224	-38.060223	-226.40617	-2.459678	-180.06119	-0.36180618	-89.46982	106.198296	147
129	0.8565496702058506	4.294440000199189	0.01872776764894935	8.864204855485758	202	1.6437236458931304	3.9973223322630203	2	187	-37.969772	-226.3243	-2.4522831	-179.85378	-0.4759028	-89.4152	106.11623	128
130	0.9788319376196642	2.7734563913500705	0.028225140824735515	9.76490646868415	365	0.015169562127503143	0.6308764852101038	7	244	-37.86507	-226.32048	-2.4545171	-179.8149	-0.49739012	-89.390465	106.11446	116
131	0.6044383978471007	1.3810580180764396	0.05982384758950704	4.4719594541631	231	0.028821838939913184	0.03012069933101443	8	175	-37.22453	-226.37787	-2.6233568	-178.90903	-0.45510408	-89.11797	105.993	27
132	0.6817488663596567	4.624952477765349	0.037423557926284406	7.43173804031423	287	8.231313663796183	0.21396796317957903	4	158	-38.027344	-226.2121	-2.4325345	-179.81746	-0.41498095	-89.38088	106.082146	113
133	0.8600672026483509	3.794550608138374	0.14354713358994148	7.418362894880811	286	38.84927147693617	1.7948528488365192	3	170	-38.116375	-226.46939	-2.4580083	-180.17648	-0.30388948	-89.50483	106.24896	161
134	0.8292706841805685	3.3933324429801774	0.1591621571234234	5.831535794748725	390	0.11658442350058362	6.353578878040051	5	178	-37.633472	-226.29459	-2.5155854	-179.23181	-0.417514	-89.2186	106.01447	45
135	0.6659490656258098	4.482747884433481	0.028207406475719617	5.541638314753825	166	0.46692783157539947	5.664632013655032	4	216	-37.50544	-225.65126	-2.4955232	-179.44536	-0.4871331	-89.11694	105.85734	26
136	0.6967472883210284	1.8852485762156217	0.10728060959710874	7.870870550213918	335	22.329681926561648	1.1056610524612656	4	166	-38.090446	-226.23167	-2.4619255	-180.01399	-0.37250906	-89.434105	106.125626	135
137	0.8485976089644125	3.395590102547013	0.08581285283065963	9.742092538072109	375	0.2349278207553792	31.21356499095969	8	175	-37.896767	-225.95201	-2.4178557	-179.53008	-0.46980682	-89.2533	105.94436	57
138	0.926338308952522	0.20688448254388953	0.014720002115234955	6.979281471533527	193	0.13450771287482474	1.2843907160076447	7	204	-38.08162	-226.39178	-2.4804065	-179.8413	-0.42459384	-89.44394	106.12679	141
139	0.6259229335387148	3.2526433704531463	0.01861089344199966	2.3358172573359064	381	21.875020190205234	12.947300044692252	5	227	-38.01775	-226.22356	-2.5472858	-180.06961	-0.30670294	-89.432976	106.14001	134
140	0.9632716931879863	3.2699377782615926	0.053295518621748805	6.004272789637549	391	0.11720884508919134	46.90655670322192	10	232	-37.75889	-226.15146	-2.4655178	-179.69751	-0.43916816	-89.302505	106.057755	79
141	0.778725564605061	0.18736596218966395	0.02410345182365945	1.019346887592568	201	3.7516931177298813	3.2248892500004898	10	190	-41.45233	-226.37373	-2.6193426	-179.77995	-0.32567394	-90.11021	105.70231	171
142	0.7520421619530138	4.792788053327067	0.04247465112010361	3.4103791469550346	103	0.10812826453505593	0.4268854695852579	7	231	-42.375095	-219.44473	-2.480216	-178.14076	-0.31774688	-88.55171	103.05944	7
143	0.6295812586446087	4.474481000548681	0.04289425494872592	4.441076258777676	181	0.29898265512530275	0.054472349559881464	5	154	-37.789803	-226.37956	-2.5360417	-179.04964	-0.30985492	-89.21298	106.00271	42
144	0.9659761657509702	4.368071129286169	0.028373860781873626	4.624792464328243	234	8.409184329306896	0.018542680279973543	2	180	-37.90123	-226.20529	-2.6761324	-179.38385	-0.30622214	-89.29454	105.97592	75
145	0.8470532772921164	3.797985805536806	0.08329226356825485	8.022504220526768	325	0.01184929205805209	1.1782624083473838	6	222	-37.659973	-226.23146	-2.4781747	-179.83167	-0.5103198	-89.342316	106.106705	97
146	0.6877402788003264	0.21977595552685517	0.016429457107243393	1.550123640722639	335	1.787503015093972	0.09815960155559394	10	192	-81.24372	-226.29631	-2.512417	-179.71817	-0.32982334	-98.020096	102.56207	194
147	0.658515086834537	1.0506265856145554	0.06243931791890469	5.752673763836602	169	22.615741027999107	1.9960532330927365	8	242	-38.024387	-226.23996	-2.5117297	-180.05287	-0.3104491	-89.42787	106.14741	130
148	0.7492446748872136	3.0704148438391874	0.012388947984292784	3.710865749647233	123	6.133865165704437	0.12420566324991097	8	158	-37.34466	-223.51819	-2.4651356	-179.90225	-0.30243114	-88.706535	105.33488	8
149	0.8256398747015847	2.1396335685560746	0.06334555478658896	5.505136820540363	211	0.017212856955827926	0.01869870356009121	7	195	-37.54734	-225.88942	-2.4863305	-178.43341	-0.43558505	-88.95842	105.726875	13
150	0.6585437512514718	2.035604473233136	0.15490874619456607	2.8460124328653693	253	0.8943413471632731	15.242827914508231	8	166	-37.312004	-226.07387	-5.0848136	-179.54054	-0.30529726	-89.66331	105.55187	164
151	0.620621644721434	4.246687740485478	0.013860174091771104	7.434450139458173	164	0.05842633944366019	0.09173186154555492	5	165	-38.057037	-226.21059	-2.4782524	-179.70926	-0.41638282	-89.374306	106.04536	109
152	0.6086773329941532	4.782766857783837	0.011440821499400693	2.4549765870132982	144	3.233192876765484	0.029025483403620184	2	203	-37.975677	-226.3332	-2.4698308	-179.7672	-0.30282024	-89.36974	106.132645	108
153	0.8540260495810296	0.1812474117323919	0.13358655361619243	2.1598800408293006	248	0.07742277448558124	0.15310770565967385	5	221	-140.74739	-226.31725	-2.502313	-177.96988	-0.36191472	-109.57976	103.28406	199
154	0.6849167596418797	4.3821340358306005	0.026478200872116477	4.100867940162099	376	48.55206457407742	0.04446003769954584	5	193	-38.11705	-226.46939	-2.4558945	-180.17648	-0.30459082	-89.504684	106.24917	159
155	0.9009876715083814	1.7403838752986338	0.01898128119471338	5.366733428714607	223	0.012170872002339218	0.018452205956874124	6	225	-37.254158	-225.74033	-2.4887378	-179.19843	-0.40677524	-89.017685	105.88232	14
156	0.9758951351914549	1.390845023682633	0.128103682331262	6.559793261089574	237	0.07614933263254847	6.606842620097527	2	208	-37.254856	-226.2373	-2.5117116	-179.26132	-0.62122667	-89.177284	106.00663	37
157	0.6844539795079574	2.0646454546078545	0.13576397293518327	1.0612245628060273	110	0.09630613128450087	0.04062091622845883	7	175	-92.04439	-226.20183	-2.4649413	-179.96959	-0.4011598	-100.21638	102.24738	196
158	0.6656564478268862	2.4487375256334856	0.027843213439145535	3.3567857289002205	380	15.887644857998318	1.632757475263423	2	226	-37.674294	-225.06683	-2.5467136	-179.87521	-0.3046948	-89.09355	105.76837	23
159	0.8226267789643172	1.4624535311350828	0.03750441531166563	8.545546949407635	399	0.02293989150484008	4.1288031407004055	10	215	-37.519485	-226.1216	-2.4948587	-179.69022	-0.5344552	-89.272125	106.04977	65
160	0.7102514052560004	3.3992799816016057	0.010923957039158754	5.862367974082321	208	3.9653508922219927	0.022894354957288976	6	174	-37.77012	-226.37056	-2.464257	-179.8519	-0.3791984	-89.36721	106.17279	107
161	0.8778016597079787	4.291824079243424	0.019800563774263806	2.1444934390528014	225	0.49001277605388266	11.549704975637813	8	232	-37.253452	-225.75699	-3.5194159	-179.45892	-0.32157397	-89.26207	105.75141	61
162	0.8091026588050101	0.4904736011328199	0.04598902914457339	8.700388819119315	109	25.231825530201814	15.575303792623151	8	200	-38.090645	-226.3504	-2.4583316	-180.09029	-0.32106692	-89.46215	106.191666	145
163	0.7479081313678739	2.1467405508817463	0.027342378992842697	3.625175791750392	133	0.014875398490813534	0.06840404398826061	3	179	-72.841415	-212.1178	-2.4807386	-179.68527	-0.3283262	-93.490715	98.60316	182
164	0.9539093778999617	2.1978419676427423	0.05287291098948343	9.042334798802596	386	0.41076149934426953	0.28696809297665044	9	207	-37.57893	-226.35988	-2.4241738	-179.63188	-0.6108765	-89.32115	106.105484	88
165	0.8441018376801562	3.1603774724366303	0.013026556539871028	3.275670256725207	399	0.013737820973018636	12.617301751752674	6	171	-37.601177	-223.88664	-3.20553	-179.67833	-0.3033207	-88.935005	105.22187	12
166	0.8153756520955923	0.46026340002473687	0.13089190079078175	1.7206025791420534	270	3.1295689120269583	18.57960203277459	6	172	-37.290348	-222.93387	-10.718053	-177.97849	-0.3032657	-89.8448	103.103035	166
167	0.8704888781392504	2.2059349764413176	0.11395858504300711	7.0076064909495575	141	19.02327511900023	0.8439384051920853	4	190	-38.060432	-226.32098	-2.456846	-179.91881	-0.4031417	-89.432045	106.13236	133
168	0.8148891866064907	3.88915112994383	0.10174723769991334	9.34355217297699	123	0.016537729239856098	0.16254128444342483	7	177	-37.95911	-226.11673	-2.4616272	-179.41869	-0.6199474	-89.31522	105.92584	85
169	0.9977597672735383	4.715904644263178	0.04570678078343815	1.4365255706411943	179	28.27772168459431	0.11366970409501864	2	245	-38.04524	-226.30261	-2.5065794	-180.12549	-0.30536988	-89.457054	106.18269	142
170	0.9910419781589248	1.3670770925855054	0.08277480045209085	1.776195825765516	230	23.07462815603109	0.10797197661006736	4	236	-37.83496	-226.15298	-2.5956297	-179.85583	-0.32657114	-89.353195	106.07975	101
171	0.8719259556826238	3.387246286305688	0.07518741898469074	9.931278995200552	379	0.6236514894183293	0.24714074589106497	5	221	-37.86182	-226.3176	-2.4493651	-179.86827	-0.558052	-89.411026	106.11365	125
172	0.9750916299886959	3.53088288736834	0.01212105757250034	8.56565230717109	232	0.10547674620775789	4.614566566872953	6	169	-38.05674	-226.27814	-2.4083393	-179.94931	-0.4803954	-89.434586	106.11924	136
173	0.6602868080158465	3.544579810024431	0.12372473380370881	2.2720516278390646	127	33.90501477245317	0.08160515598130387	4	163	-38.10034	-226.41066	-2.4841228	-180.17648	-0.30343196	-89.49501	106.22672	155
174	0.9753775679824459	0.671103156911393	0.09289860890216547	9.662058267366382	268	3.656073761748079	0.046097973969454885	4	153	-37.866222	-226.1302	-2.5068603	-179.23857	-0.43610236	-89.235596	105.93241	55
175	0.6031037610346025	2.819415303859215	0.1145446660432761	1.6166141238461882	191	1.3834718304563682	34.1845877069597	6	201	-37.21902	-224.9492	-3.2971923	-179.46703	-0.3427244	-89.05503	105.537674	18
176	0.7362802024784848	0.5717948164483517	0.014592353382609714	2.484704122559557	359	0.021412360724714204	31.483100810030198	9	231	-37.909336	-226.02097	-2.7176728	-179.87796	-0.30464908	-89.36612	106.01255	105
177	0.8424512669392299	2.4058729747127123	0.04635060574258688	2.9258808219590016	397	0.1107929251945649	1.8946848444678115	7	162	-77.911064	-226.21387	-2.494739	-178.78598	-0.6455547	-97.21025	102.42651	193
178	0.8366455472541695	2.729641972243362	0.07353241571434278	9.779712039000186	197	0.6377829842687781	0.9423651072789797	7	230	-37.691322	-226.19368	-2.4524813	-179.82976	-0.4819271	-89.329834	106.101494	90
179	0.8161398269116994	0.5011971766381904	0.05133180790750219	5.245176977926121	234	18.99040224324029	9.112374984738427	2	230	-37.939327	-226.0665	-2.5476413	-179.89026	-0.3111532	-89.350975	106.05961	100
180	0.6852855771568352	0.26473696314490114	0.018411172701601555	6.131858937970771	387	0.10110443368780272	0.1699259017302675	6	237	-37.856815	-226.33131	-2.5287828	-178.90565	-1.0321879	-89.33095	105.79887	92
181	0.8035777779328643	2.375267047482508	0.023706341644551505	6.864563473629341	257	0.030614365392974987	0.8023574868173379	10	235	-37.80191	-226.31853	-2.5287747	-179.08261	-0.7825984	-89.30288	105.89101	80
182	0.9756183683512695	0.3054314149192383	0.05524012951632015	8.477749115463634	350	0.035602692836935866	0.017869904504641765	7	196	-37.97035	-226.36394	-2.4598365	-178.2873	-0.57334524	-89.13095	105.77509	31
183	0.619304459395717	4.200411419445911	0.04696022945118845	3.8508830737988893	375	0.06216487980190868	0.7954719039867374	3	162	-50.86727	-217.06218	-2.5019531	-179.35393	-0.3157471	-90.02022	101.68513	169
184	0.7626749032763523	4.928577538007967	0.017690019166437133	8.681086442453221	224	0.13936765654561528	29.32374696145887	5	173	-38.071606	-226.28148	-2.4588234	-179.92403	-0.33832747	-89.414856	106.132576	126
185	0.977735763186665	3.8569669021186748	0.10713338586818265	3.7918028257946275	165	0.17311249832105424	11.454306829399169	5	158	-37.476543	-223.40575	-4.7722235	-179.19319	-0.31011155	-89.03157	104.659676	16
186	0.6749297875191784	3.7983842466778586	0.06626599186323454	8.360522341705359	242	0.083783461847591	1.1883233876703276	2	199	-37.95308	-226.30844	-2.433774	-179.42497	-0.5493157	-89.33392	106.010315	93
187	0.9847912248880337	0.7310675604514414	0.04749987235406082	3.449195910368161	129	0.29535291585568274	0.0323653983249801	5	174	-71.30159	-209.1558	-2.4671414	-179.53072	-0.34713155	-92.56048	97.76291	179
188	0.7445519680073395	0.18779360901094516	0.08010363323622549	5.0829959011748045	214	8.015447225414766	0.15919643884471776	2	233	-37.49422	-224.55452	-2.4824214	-179.09242	-0.3622187	-88.797165	105.45883	11
189	0.8412901513940977	2.087106880318576	0.14454250353736386	3.595644882130392	254	0.04328335527236363	1.0121308406095821	7	218	-51.77517	-215.87723	-2.4655495	-179.28915	-0.32669368	-89.94676	101.220474	167
190	0.8437366870365064	3.6038080590334918	0.09183403330995979	1.6754286401179994	268	0.01151575237256488	2.0378723655339583	6	182	-62.48061	-226.40233	-2.5056193	-180.017	-0.31325278	-94.343765	103.767296	186
191	0.8469716725882693	4.196103323066816	0.023282749004718866	5.083079718973067	366	0.01425512810859494	10.262727750741792	9	154	-37.985916	-226.25974	-2.5166721	-179.3816	-0.32793403	-89.29437	106.01082	74
192	0.8271324514631654	3.3631743347074297	0.018216972296766762	9.011199641878855	122	26.35378289655898	0.03470161332039765	5	181	-38.102146	-226.41411	-2.4587605	-180.14359	-0.32474172	-89.48867	106.22132	152
193	0.8059281411462662	2.5849728691100746	0.11164486300456312	7.505946059640383	253	3.2395538809662456	17.216558283282627	3	154	-37.891693	-225.8685	-2.4365425	-179.2089	-0.42713347	-89.16655	105.85478	33
194	0.8375080852767833	2.2263187914592755	0.07876328830703283	1.437910596247987	332	0.042541761701192664	0.6103476655121639	8	196	-122.359024	-226.38254	-2.5154498	-179.97052	-0.3311955	-106.311745	102.598335	198
195	0.7541331330260096	3.8003426852088067	0.04682956727047708	3.925844480173842	245	0.34767334236968445	4.11878911000867	8	214	-42.024345	-219.66705	-2.5075214	-179.2484	-0.31385562	-88.752235	103.406044	10
196	0.8233906691489556	4.195214144025789	0.02283927267898254	7.217286664244175	259	0.02653996960873441	4.112818971261521	9	164	-37.973465	-226.0179	-2.4920282	-179.09145	-0.5309673	-89.22116	105.83505	49
197	0.8547082602918376	2.698803030532051	0.15284203711234648	1.2773756832854568	228	3.26381800719931	18.80622426445174	10	222	-38.054855	-223.48209	-8.630732	-179.32727	-0.44767794	-89.988525	103.84568	168
198	0.9390975080248519	3.037309171212306	0.02609644877865974	1.3873364358976943	213	1.0258750604309643	0.0542894501724085	10	153	-47.452377	-226.432	-2.4878376	-180.09604	-0.3056109	-91.354774	105.16128	177
199	0.6004083771732994	4.9709152998362525	0.021618848320264783	5.130600380356543	306	0.014012844283933502	4.328270769270435	9	244	-37.798393	-226.06523	-2.4763646	-179.31891	-0.42154542	-89.21609	105.946014	43
