	param_regressor__regressor__C	param_regressor__regressor__epsilon	param_regressor__regressor__gamma	param_regressor__regressor__kernel	split0_test_score	split1_test_score	split2_test_score	split3_test_score	split4_test_score	mean_test_score	std_test_score	rank_test_score
0	0.1421073623993574	1.3172711156111805	0.015561310098067912	poly	-49.061662700161584	-3111.5981988527874	-95.83413014691293	-92.93867403079891	-40.89763408164132	-678.0660599624605	1216.9697517679585	108
1	0.8150229285482278	0.017062829878430167	0.0020861916134275686	poly	-5093.247045801358	-3111.95918217021	-10252873.786533087	-94.44853338967394	-513.9678488472703	-2052337.481828659	4100268.5542418375	199
2	0.1393484899105758	0.011851025167261414	0.03158002751964663	rbf	-53.15232836463009	-3112.128112725165	-26.659984686094813	-94.49599407507502	-43.69615160572547	-666.0265142913381	1223.254640103554	94
3	5.465160445240795	0.02105508492142639	0.00921958875119814	poly	-4543.048882054378	-3111.907004470664	-6012155.224682338	-94.43175831892641	-427.45761187369794	-1204066.4139878112	2404044.979367213	172
4	0.37695646719333586	4.348846821552335	0.0011666128825437926	poly	-192.5941605345356	-3109.5142776875723	-191.4651411842241	-201.94163710708386	-191.87404690502387	-777.477852683688	1166.024654259812	117
5	7.228636433915656	0.011228844823770831	0.5673011178156562	poly	-4874.736047048278	-3111.9084482817148	-6195908.093570866	-94.42542318246979	-444.71544286362996	-1240886.7757864483	2477511.28377177	178
6	7.948020906836666	0.008340873144110842	0.05526492642547781	rbf	-53.0289246924694	-3112.065182507961	-26.519698293962495	-94.38876830341192	-43.571008301622996	-665.9147164198855	1223.2792556120066	55
7	7.50340988771292	0.062417041756010455	0.008380073489822752	poly	-3360.6398885460526	-3111.9009821789327	-5166772.429194365	-94.45838860772713	-362.03203439457315	-1034740.2920976185	2066016.5097331374	163
8	2.1778425655735942	0.07430387087024326	0.0010574149626882932	poly	-947.8981811552169	-3111.987456182097	-894209.3654181606	-95.04558315130757	-440.11711017605734	-179760.88274976503	357225.78296654293	151
9	1.6881340876442121	6.382537504733395	0.0055434722555259015	poly	-192.5941605345356	-3109.5142776875723	-191.46514118422425	-201.94163710708386	-191.87404690502387	-777.477852683688	1166.024654259812	117
10	4.74062921511504	1.1873808109148074	0.003715124617986915	poly	-57.53878938815285	-3111.651566666548	-186.86180280333997	-92.99654242811205	-40.848555086629034	-697.9794512745565	1207.8943585693366	112
11	0.1929440958050488	0.00215790539118164	0.05447228986685385	poly	-5214.479931653291	-3111.9097510694187	-6283232.8312486885	-94.42794077290002	-461.02704173728074	-1258422.9351827842	2512405.6395796025	197
12	2.064424124701711	0.030297328231516155	0.01974535241630056	poly	-4246.29765521793	-3111.9056434200256	-5863183.977038449	-94.43812131112803	-412.17571425816743	-1174209.758834531	2344487.6392805763	169
13	0.6878828015304654	8.80830983124327	0.9286455703575308	poly	-192.5941605345356	-3109.5142776875723	-191.46514118422425	-201.94163710708386	-191.87404690502402	-777.477852683688	1166.024654259812	117
14	3.0355524819139754	0.04892109559632581	0.013560255216323945	poly	-3706.7886122351274	-3111.902907287411	-5453507.522756098	-94.44846687982715	-382.2399007135995	-1092160.5805286427	2180673.9422345287	165
15	2.0603672149455856	0.01087785044617476	0.010616840474419178	rbf	-53.055112731487476	-3112.077350950349	-26.550603339737567	-94.41174071574899	-43.59660573915299	-665.9382826952952	1223.2735161724015	68
16	0.15294126982859024	0.6879827907535506	0.04185313399238152	rbf	-52.90459280158253	-3112.0093864476917	-26.378716288134587	-94.26942139665375	-43.440409720873866	-665.8005053309873	1223.3085777892047	39
17	2.9740545482331906	0.09071757895966556	5.887853972391773	poly	-2738.7414888904914	-3111.8975114611717	-4556286.571031276	-94.49473005367318	-322.81552714886124	-912510.904057766	1821888.243827734	161
18	0.41467262860200493	0.23462741148025734	0.0014983112357752873	rbf	-52.90214409896688	-3112.056837168486	-26.475780167711154	-94.35561504098474	-43.36110147757857	-665.8302955907454	1223.3176706098616	41
19	0.19375638873084802	0.06188955912524452	0.1977728179044527	poly	-3373.601403283036	-3111.9010525802714	-5177160.741748241	-94.45862438235453	-362.8537436680558	-1036820.7113144308	2070170.4574525375	164
20	4.818961202392286	0.0033453577629756403	0.0034967798145586603	rbf	-52.82712510135026	-3112.0100741057736	-26.399151011053824	-94.2861755701835	-43.310113640553524	-665.7665278857828	1223.3261725507352	36
21	0.15530902955281237	1.5688443973766852	0.010278800134488696	poly	-45.071746107638134	-3111.4576998987022	-38.53268324783666	-92.86088193711186	-41.03231895471787	-665.7910660292015	1222.9965923751245	37
22	0.4864890386724805	0.019847448270388233	0.003177565573492477	rbf	-53.07661402706203	-3112.096541214264	-26.58860927239499	-94.44255214851577	-43.61020526694558	-665.9629043858365	1223.2708006412201	77
23	7.9923092902931625	0.010760151924323452	0.03975652636539441	rbf	-53.02841060498378	-3112.0649331764757	-26.51908977869048	-94.3882502890455	-43.570456197113394	-665.9142280092618	1223.2793756031922	54
24	3.915447467808021	0.12290244195914835	0.020097937013251212	poly	-2177.8820643806766	-3111.893951942584	-3842758.9279084867	-94.51208687189306	-282.91440475676563	-769685.2260832877	1536537.273078224	158
25	0.9904629239439674	0.0061475473463033364	2.400908168603184	rbf	-53.09094340943243	-3112.0976965600744	-26.592056406422138	-94.44554357632886	-43.63588092272341	-665.9724241749963	1223.2665744365183	79
26	7.554795404392211	0.0014541969778501754	2.389783863650468	poly	-5241.232788860712	-3111.909852335258	-6277140.686358168	-94.4268974702557	-462.5197863225721	-1257210.1551366313	2509965.9640236082	190
27	0.2925373146192959	0.005047979044432346	0.009829443927692565	poly	-5102.222772388187	-3111.9093356155163	-6264204.318861322	-94.42630425316952	-455.88051559176057	-1254593.751557834	2504805.9515499934	186
28	0.1969224107772385	0.43151215720518243	0.0002219526578729756	rbf	-52.774780938659816	-3112.033441696333	-26.372207278448307	-94.32341878922092	-43.303752984586424	-665.7615203374496	1223.3407477559683	35
29	0.8833068872236578	0.07887488770693805	5.2225910868445835	rbf	-53.07893519199857	-3112.0920777352653	-26.57765463475561	-94.4339695519677	-43.62273598401643	-665.9610746196006	1223.2694550708936	75
30	2.8597137681187847	1.9271274308516586	0.6347103787052348	rbf	-52.16654462350855	-3111.2570819569773	-26.624567239542117	-93.24460566579884	-42.93229401136478	-665.2450186994382	1223.2034916414245	23
31	0.22743196806813373	0.036983348613435885	4.988428866878584	rbf	-53.137207966695016	-3112.1211518108266	-26.64275301571773	-94.48342944642822	-43.68129937895227	-666.0131683237239	1223.2578579481485	87
32	1.2102755623608206	0.26982550948899525	1.3876053798982517	rbf	-53.015197245296854	-3112.0596924270117	-26.501992797155555	-94.37311053322237	-43.55459110320344	-665.900916821178	1223.2834199212823	47
33	0.23550372214360296	1.7753748196714139	0.08021157592311964	poly	-46.33201282176764	-3111.3075050522652	-26.815712793683335	-92.81122540310862	-41.182862443965156	-663.6898637029578	1224.0088974079358	10
34	0.1840551516096706	0.007876160322236512	0.07487088004790267	poly	-4996.391851119034	-3111.9089206501017	-6245760.096432084	-94.4263421299617	-450.7705102818051	-1250882.7188112529	2497439.3350429637	184
35	0.10922280508049097	0.543369053783271	0.0275733546211026	poly	-261.4693718777919	-3111.839777654001	-132869.42272783435	-93.89182507347603	-60.23697842507221	-27279.372136172937	52807.62659410382	144
36	1.1622233857855866	1.5410099034895606	7.5110111344397	poly	-45.069895749723294	-3111.4753354773684	-41.92145863544619	-92.86762950963737	-41.010949996359635	-666.469053873707	1222.6584775197682	97
37	0.33578629602543053	0.12857104212291368	8.362356196246699	poly	-2092.579117815603	-3111.8933088548806	-3722152.4312601816	-94.51066366973649	-276.38533229590905	-745545.5599365636	1488303.8641298295	157
38	0.2483509233076517	0.05836049553615152	0.3946032960018978	rbf	-53.12971537652305	-3112.1176021268316	-26.634153685430835	-94.47690907653649	-43.67361108568275	-666.006398270201	1223.2594796065046	86
39	1.4797883549116526	0.0045665790441195234	0.009077507232951506	poly	-5120.801135230479	-3111.909403668839	-6266644.587733826	-94.42674642494724	-456.8034115794477	-1255085.705686146	2505780.1128612766	188
40	1.257269098859059	0.00455896895813939	0.00015053726595545727	rbf	-50.150183534718096	-3111.9509583700815	-25.312608693765092	-93.98824560568524	-41.35736171144208	-664.5518715831383	1223.911173894938	15
41	0.5937195953017887	0.12993621846023498	1.2836587736201732	poly	-2072.6406529364754	-3111.8931508964683	-3692667.6335814167	-94.509122771929	-274.89628095420824	-739644.3145577952	1476512.0897594863	156
42	0.528729199610515	0.0017967561613544414	0.0005590253685763047	rbf	-52.502282565117106	-3112.0267326125745	-26.38090108008478	-94.30308695999578	-42.725150254755725	-665.5876306945055	1223.4252626228126	28
43	1.0853258668695298	0.020439326374015486	0.00031179287304462707	poly	-51.77658931865004	-3112.1142625127727	-75.78301844259778	-94.2045520416461	-43.02922519257079	-675.3815295016475	1218.499406968036	107
44	0.18584073622356634	0.021155770341627217	0.08948067911703544	rbf	-53.145316365395566	-3112.124918177504	-26.65201094767825	-94.49023677005378	-43.68929683019724	-666.0203558181657	1223.2561341241715	92
45	0.11966161458027441	8.03258423070542	0.05718280027050566	poly	-192.5941605345356	-3109.5142776875723	-191.46514118422425	-201.94163710708386	-191.87404690502387	-777.477852683688	1166.024654259812	117
46	4.584380451755028	5.086883026371227	0.01963438935158265	poly	-192.5941605345356	-3109.5142776875723	-191.46514118422425	-201.94163710708386	-191.87404690502387	-777.477852683688	1166.024654259812	117
47	3.4726512398679263	0.025258421370240033	0.0008673885528817069	rbf	-46.58502801737253	-3111.766391451933	-25.90691072146622	-93.41798528982818	-37.70288293576984	-663.0758396832741	1224.559675093638	5
48	0.11163645890966015	0.012200591351420572	0.002432752421257838	poly	-1145.8772695916084	-3112.017023139481	-274507.55838783627	-95.68111964150292	-283.03049976045577	-55828.83285999387	109344.58712283423	145
49	0.7957028050207349	0.5948353610938608	0.0011728174661973744	poly	-222.81122917984877	-3111.8991106795625	-45373.972110067356	-94.7222681817563	-47.2621194216581	-9770.133367506036	17839.644513755393	143
50	0.13889268531057544	0.027740991235729377	0.012316795007800219	poly	-4326.863774456878	-3111.9060256882185	-5903059.435109433	-94.43594262747341	-416.08851934954504	-1182201.745874311	2360429.38646553	170
51	1.1310195908912208	0.006222490226070496	0.17878048666735102	rbf	-53.084947281570784	-3112.094235715323	-26.584811545953624	-94.43989530077855	-43.629298420851946	-665.9666376528955	1223.267746078263	78
52	2.979724549835383	0.004373303749433207	0.0009173627360642473	poly	-1150.4572173853608	-3112.007653686584	-671071.7248473823	-95.18651929882287	-511.11855913437336	-135188.0989593775	267943.8104657352	149
53	0.6110777966175873	6.829042271667051	7.767108148593393	rbf	-192.5941605345356	-3109.5142776875723	-191.46514118422425	-201.94163710708386	-191.87404690502387	-777.477852683688	1166.024654259812	117
54	4.5309277719364704	0.002676128585387888	0.007037681013122403	poly	-5193.563453595337	-3111.909674565787	-6282541.976378296	-94.42728890419299	-460.1674056874733	-1258280.4088402097	2512131.470538658	196
55	4.508047540018607	0.008907250506562324	5.044616260229264	rbf	-53.03284107073063	-3112.0655427697257	-26.523662510532823	-94.3923916269021	-43.57498554778198	-665.9178847051346	1223.2778495919367	58
56	7.001745261557827	0.03388789210745716	0.17809086492916018	poly	-4136.247490965823	-3111.9051107613677	-5788623.9730117535	-94.43963199609007	-406.1651332763098	-1159274.5460757506	2314675.2299800664	168
57	1.193580396206958	0.14192690836073354	0.036211635531716774	rbf	-53.050335658876364	-3112.0770507451616	-26.54345138038366	-94.40675238553295	-43.59177884395874	-665.9338738027827	1223.2755796948018	67
58	7.808216639306146	0.25956026374419405	0.002740941147338505	rbf	-52.51968892871411	-3111.956640454343	-26.261376827524355	-94.14493745346402	-42.916161896585216	-665.5597611121261	1223.403302091982	26
59	5.616026290751179	0.03530376590408731	0.00010490611333429884	rbf	-47.00378515112138	-3111.780184528483	-24.63837873935538	-93.43485758957627	-39.3535227148162	-663.2421457446706	1224.4852285962809	7
60	8.850160290612155	6.630309587412892	0.013277847122084047	rbf	-192.5941605345356	-3109.5142776875723	-191.46514118422425	-201.94163710708386	-191.87404690502387	-777.477852683688	1166.024654259812	117
61	1.6538374478966806	0.00391903333312576	0.0010926383649321205	poly	-1153.551910447814	-3112.0100486362576	-559321.6635385801	-95.28193705723605	-454.5217332455975	-112827.40583359341	223249.56292233994	147
62	1.875014734280894	1.1074878666075298	0.0008712637457049803	rbf	-49.22340020073309	-3111.6521339428596	-25.706769250892112	-93.38589922216642	-40.05523418759566	-664.0046873608493	1224.0324348281993	11
63	0.1520784616778988	0.0033012511364147287	0.2500252312155922	rbf	-53.15334571126721	-3112.128571915327	-26.661256119877542	-94.49700894005592	-43.69730724218909	-666.0274979857434	1223.254376478009	95
64	6.183295051233791	0.07064863390145298	0.016751813325038837	rbf	-53.0161436435039	-3112.0584496820616	-26.504481232850903	-94.37645621933608	-43.55724008170103	-665.9025541718906	1223.2819857774891	48
65	0.3334556875269474	1.0208105777516965	4.869016411398178	poly	-80.39645297234398	-3111.7102827905073	-558.4005433496083	-93.09458187314138	-40.79099044870113	-776.8785702868604	1182.6787037660727	116
66	0.3048212326212056	1.385743615456731	0.0005350534477864445	rbf	-51.50236236844985	-3111.6552442183943	-25.809194948130134	-93.5815861867794	-41.89996306932058	-664.8896701582148	1223.588061359556	17
67	0.40517644913936973	0.08388824642450597	0.0037596638693789598	poly	-2877.1675524272628	-3111.898269160927	-4698220.037802882	-94.48405855844943	-331.8424164876392	-940927.0860199031	1878646.8906440916	162
68	1.8101009909316923	0.010823257583364337	1.7160613194864665	poly	-4889.357179300689	-3111.908503618287	-6203658.685493745	-94.4267312204478	-445.2814190058254	-1242439.931865378	2480610.0040761693	179
69	2.2884270799870814	0.00307877163559423	0.00029057346052782694	rbf	-42.389993509141156	-3111.791598906329	-25.466306443936936	-93.59007418314488	-38.88799446084639	-662.4251935006797	1224.902289369592	4
70	1.961138289100333	0.01745734786443233	0.5892044048210371	poly	-4660.666547520875	-3111.9075448815775	-6073833.982988422	-94.43003864644871	-433.5874833585248	-1216426.914920566	2428704.1260262867	173
71	0.2552804814999663	0.01460296505633498	0.054469069211980504	poly	-4757.774598309932	-3111.9079612154046	-6126155.821428264	-94.42803466087409	-438.70147238584195	-1226911.7266989672	2449622.6543950853	176
72	1.302072755178872	0.020494833628720566	0.0001500951577359908	rbf	-49.76117594601285	-3111.947108482821	-25.263554554167712	-93.96654629413683	-41.29931746084777	-664.4475405475971	1223.9617561477367	14
73	1.4875180634852598	0.2143759682904616	0.13813015587977903	rbf	-53.02229231140115	-3112.0625102052572	-26.510650767154292	-94.37984810783855	-43.56212139995077	-665.9074845583203	1223.281535028374	49
74	0.4721375682498507	8.72727420702644	0.0003789398274681275	poly	-192.5941605345356	-3109.5142776875723	-191.46514118422425	-201.94163710708386	-191.87404690502402	-777.477852683688	1166.024654259812	117
75	0.5695498660895028	0.004772216714184815	0.005947261056079276	rbf	-53.10278027652528	-3112.1043813132032	-26.608296391597175	-94.45698427695534	-43.646601570846066	-665.9838087658254	1223.2642042433022	83
76	5.663231474192114	0.02037861131737699	2.785755421670936	rbf	-53.02799261790734	-3112.0640848870617	-26.518308341537505	-94.38806287883041	-43.57005340497673	-665.9137004260627	1223.279218413719	53
77	0.7303971788184178	0.005244088345073505	0.1216893099050496	poly	-5096.724803746939	-3111.9093057489667	-6264234.065282296	-94.42654828437952	-455.55883554179496	-1254598.5369551238	2504818.430825954	187
78	8.64622240151164	0.041789825813060746	0.0006312004607620755	rbf	-43.61806986475036	-3111.6659115172374	-25.61567473822729	-92.99077652148073	-36.48709049880282	-662.0755046280998	1225.0128298803888	3
79	0.27750624948811686	0.00646233982538273	4.388010202537054	rbf	-53.140681615933396	-3112.122724798208	-26.647110413000895	-94.48696512911222	-43.68530797943546	-666.016557987138	1223.2569451990685	88
80	0.1860926681753557	7.007689549849859	0.04477410675917157	poly	-192.5941605345356	-3109.5142776875723	-191.46514118422425	-201.94163710708386	-191.87404690502387	-777.477852683688	1166.024654259812	117
81	2.226441748076578	0.7396855688902312	0.27818370571776213	rbf	-52.80599676476359	-3111.9519296111853	-26.27707095769809	-94.17656141832892	-43.34203940092497	-665.7107196305802	1223.324790553016	31
82	1.115362476290238	0.0023459957044429007	0.0003390752495874459	poly	-50.20182405692859	-3112.1105764584318	-96.57171283893236	-94.18313504662	-42.88662667715561	-679.1907750156137	1216.6583530562	110
83	4.845509044333049	9.176076719588933	0.28843254801895035	rbf	-192.5941605345356	-3109.5142776875723	-191.46514118422425	-201.94163710708386	-191.87404690502402	-777.477852683688	1166.024654259812	117
84	7.885996720273348	0.0023182867869160277	0.03481435708106272	poly	-5207.795879857219	-3111.9097286410197	-6280503.9661094025	-94.4271985228473	-461.05976287905224	-1257875.8317358606	2511314.7574369367	194
85	8.456273616350606	0.03672322412014959	3.504600989708913	rbf	-53.02284077513102	-3112.0623672950956	-26.51254514506707	-94.38309484026828	-43.56477460633436	-665.9091245323792	1223.2806515374152	52
86	0.8698119890092312	0.0010533381544786994	9.909266465649212	rbf	-53.09823145062825	-3112.101690633766	-26.600648465820715	-94.45224255438586	-43.64358504352764	-665.9792796296257	1223.265133459346	81
87	0.13549840149077996	2.590375523261521	0.1390996986299137	rbf	-54.456259788579715	-3110.158918517928	-34.110810007664725	-93.43925697530227	-46.644610604311644	-667.7619711787573	1221.3593978601036	99
88	4.428169367616458	0.273871325783549	0.009840370602173742	rbf	-52.96200140026818	-3112.03049745163	-26.442282938914378	-94.32524156437341	-43.49898236322178	-665.8518011436815	1223.2934473968028	42
89	3.166788338353749	0.0027363606277205016	0.30209492173993957	poly	-5191.468387023209	-3111.9096687586534	-6281291.2127152905	-94.42751215402102	-460.13842847850736	-1258029.831342341	2511631.377100065	195
90	0.15688256738637793	0.01564291597554347	0.02689120601918318	poly	-4722.112718957959	-3111.9078104694177	-6108052.659173886	-94.4292798304111	-436.95944150659875	-1223283.6136849301	2442385.1240891586	175
91	0.8492342385385877	0.004752712577250119	0.01014570162724724	rbf	-53.09600127595274	-3112.100378025718	-26.598701332648755	-94.45007795174122	-43.640582401383796	-665.9771481974889	1223.2655433079947	80
92	0.5602731302289473	1.2645331324000781	0.0009525146118727811	rbf	-51.37189789530194	-3111.6904188976887	-25.84208878161598	-93.59136754122753	-41.55002322760839	-664.8091592686885	1223.6465017133326	16
93	0.6982373365810927	0.03055818212644472	0.044901753737328395	rbf	-53.101759038553084	-3112.1037215784304	-26.6043218901033	-94.45465692038341	-43.64671419484886	-665.9822347244638	1223.2646642202608	82
94	0.42864150490201347	3.731711117245028	0.04183265582196386	poly	-115.72466474146368	-3109.5142776875723	-123.93978240351586	-129.86864136438192	-120.09900750393939	-719.8292747401746	1194.8515407851346	113
95	6.53686047754562	0.9859888151287804	0.012390392993978264	rbf	-52.64978448353058	-3111.868977600548	-26.135558905567972	-94.02518955114645	-43.19049344059946	-665.5740007962785	1223.3516259287105	27
96	0.10413535967845917	0.49710176986153753	0.000673859916370494	poly	-51.31135275971421	-3112.037581937742	-47.39848367471432	-94.03958776877013	-42.828328835301285	-669.5230669952484	1221.3950553522416	102
97	0.7897377826022661	0.1710214911216798	0.00016064265387827348	rbf	-51.732565136263084	-3111.9674335989835	-25.737906911578346	-94.11669667399725	-42.06662416213045	-665.1242452965905	1223.6303568466124	19
98	3.030192315667275	0.002752402262375048	1.5630713057636292	rbf	-53.04494159130922	-3112.0716503926064	-26.53774914881499	-94.40276800534166	-43.587266398854624	-665.9288751073854	1223.275387966743	65
99	3.1512308390837767	2.346724814659051	2.3053144416181843	poly	-50.57686902658913	-3110.628975793754	-28.730461368597815	-92.72398501132669	-43.254293135876644	-665.1829168672288	1222.908270554237	20
100	3.0289594669986175	0.0012974229367689908	0.036537179365958794	rbf	-53.04525308036623	-3112.0716954403433	-26.538095186704954	-94.40289194015236	-43.587406858977694	-665.9290685013091	1223.275312723974	66
101	1.664306880674488	0.058429712881756524	0.0002026709000494827	rbf	-46.33727966077264	-3111.865434432769	-25.287182725602356	-93.79758841316337	-40.28329815018546	-663.5141566764985	1224.3903477457961	8
102	0.2990070720155443	1.7027485725136926	0.030594556308760276	rbf	-52.219324712238986	-3111.494771200868	-26.094687377696538	-93.48496963094613	-42.84805381010458	-665.2283613463708	1223.3347075397974	22
103	3.991889061461782	0.0010244656831969873	1.9475063030569124	rbf	-53.03672046236805	-3112.067241852532	-26.52817779441682	-94.39585783621845	-43.57901898867315	-665.9214033868417	1223.2769340730063	61
104	8.505359562470085	0.010582244822882631	0.0015094253344546907	poly	-4897.809717459197	-3111.908535698621	-6211332.678145362	-94.42767365415398	-445.9511047496618	-1243976.5550353848	2483678.689827316	180
105	0.6797805581727646	7.493292628069564	0.009213644589534848	rbf	-192.5941605345356	-3109.5142776875723	-191.46514118422425	-201.94163710708386	-191.87404690502387	-777.477852683688	1166.024654259812	117
106	0.832931337395353	0.012536286584430711	0.00010502722439456766	poly	-53.15189060152658	-3112.133646148335	-26.604082170749496	-94.49596336917372	-43.69831079133154	-666.0167786162233	1223.26252412298	89
107	1.9060880216432032	9.647342709465287	0.00025766207699532323	poly	-192.5941605345356	-3109.5142776875723	-191.46514118422425	-201.94163710708386	-191.87404690502402	-777.477852683688	1166.024654259812	117
108	0.22803988518431528	0.35475972700508174	0.16675331692330878	rbf	-53.0397305521493	-3112.0752928400057	-26.529500452358747	-94.39489193871957	-43.57980033526396	-665.9238432236994	1223.2797247946828	63
109	9.947552164625154	0.0017938574717960673	0.0813828211352643	poly	-5228.410970669804	-3111.909797173773	-6279591.5090348935	-94.42742155541328	-461.94046617492415	-1257697.6395380935	2510947.6298964927	192
110	2.658828742266472	2.2954964355274843	0.006359976904827017	rbf	-52.68966606155046	-3110.752569097568	-29.134809486813637	-93.05217873687573	-43.96382072321456	-665.9186088212044	1222.6005187148457	60
111	9.449830114720177	0.08471752423097499	0.7996637982166905	rbf	-53.01205913178503	-3112.057100741109	-26.499838600617704	-94.37267314565415	-43.55326692962906	-665.898987709759	1223.2830986705324	46
112	0.7041413810564995	0.7068168453639314	0.002365984617210505	rbf	-52.72109069901104	-3111.951034533889	-26.248327253362827	-94.15382936515341	-43.1713438730751	-665.6491251448982	1223.3554388573848	29
113	0.4659895906165215	1.1792493077349442	0.00010189670789299525	rbf	-51.678933315825645	-3111.7733262954853	-25.64666544790654	-93.79486022591186	-42.4093571924001	-665.0606284955059	1223.562791960381	18
114	6.168691923063476	1.6913024434025892	0.02644507239067855	poly	-45.66424604552738	-3111.372935398714	-29.44752283505153	-92.83624076696393	-41.15966215813152	-664.0961214408777	1223.829098847079	12
115	9.37033414559484	0.0022219715139996355	0.12683550555889506	rbf	-53.03022238663567	-3112.06581585951	-26.52123013349099	-94.39001149840493	-43.572404131461525	-665.9159368019007	1223.278960549407	56
116	5.998570827943372	2.6942351245749063	0.0013241647717919891	poly	-55.18748502210008	-3109.8796636360853	-36.53174924424848	-93.57491789118401	-48.21081782073123	-668.6769267228699	1220.7512552570877	100
117	1.3000626100539383	6.681901280361387	0.19905136913288812	rbf	-192.5941605345356	-3109.5142776875723	-191.46514118422425	-201.94163710708386	-191.87404690502387	-777.477852683688	1166.024654259812	117
118	9.629803098754271	0.013332967716097	0.0009158363390482227	poly	-5237.362729495069	-3111.9599316538533	-10394477.242239613	-94.44739697569992	-522.278162694967	-2080688.6580920864	4156894.7082126043	200
119	5.740726104512311	9.834468705147726	0.0007026798829364145	rbf	-192.5941605345356	-3109.5142776875723	-191.46514118422425	-201.94163710708386	-191.87404690502402	-777.477852683688	1166.024654259812	117
120	1.9620588917482087	4.847483312748433	3.7670843014933095	poly	-192.5941605345356	-3109.5142776875723	-191.46514118422425	-201.94163710708386	-191.87404690502387	-777.477852683688	1166.024654259812	117
121	7.295573382345877	0.007955280129401865	0.00038679516669236575	rbf	-41.722117169427136	-3111.6146352073342	-25.408747348560325	-92.86011044694776	-36.38817167401638	-661.5987563692572	1225.2276934955928	1
122	6.792605327579578	0.012157694650790718	0.004011702114033249	poly	-4842.425601202747	-3111.908311588696	-6173666.750983621	-94.42623077723495	-443.088038423338	-1236431.7198331226	2468618.1357778106	177
123	0.7887880137165538	0.0076466137356202965	0.5785303925945042	poly	-5004.730400376488	-3111.9089519026707	-6247008.699385333	-94.42674194137192	-451.1225102859882	-1251134.177597968	2497937.9088423694	185
124	0.5601641295994271	4.1659490607068195	1.2934148449462162	poly	-192.5941605345356	-3109.5142776875723	-191.4651411842241	-193.0208180281934	-191.87404690502387	-775.6936888679099	1166.9104203343134	115
125	0.4453942608777147	0.0019127624820897144	1.3806468481855936	poly	-5223.755623079815	-3111.9097847421604	-6283523.805127012	-94.42739312574733	-461.62327576202836	-1258483.1042407441	2512521.044087736	198
126	1.339564116632966	0.007844315265598787	0.07492426344464528	poly	-4997.174151526496	-3111.908923725951	-6245410.683735877	-94.42507517864999	-450.7509234682195	-1250812.9885619553	2497299.494036105	183
127	0.11868546396560681	0.00948868424166592	0.02765481863365638	poly	-4937.298981228404	-3111.9086852087917	-6231786.261616765	-94.42579915293568	-447.7617710812359	-1248075.531370687	2491855.999882339	181
128	0.6691114851750913	0.3841583758820802	0.008567060111480633	rbf	-52.996808234110205	-3112.051957088901	-26.481126929054543	-94.35590482723461	-43.53438253003709	-665.8840359218674	1223.2880141771486	44
129	0.6770861452632619	3.911537058590318	0.00021173852201020982	poly	-142.68165163111877	-3109.5142776875723	-157.08499555624684	-150.35458715123949	-150.2110582148537	-741.9693140482062	1183.7812586475231	114
130	2.480295496314483	0.04406729670098993	0.3178023769009935	rbf	-53.04347050443381	-3112.071307820561	-26.535683797065655	-94.40060550786791	-43.58525209821221	-665.9272639456282	1223.2760212991893	64
131	0.21575985618792728	0.01802346369630617	0.00047912287237952193	poly	-52.518517717796456	-3112.1226124088334	-48.097102417755735	-94.27246103393945	-43.23954420866108	-670.0500475573973	1221.171593558011	104
132	9.354756411530003	1.3735974289312742	1.3756294451451279	rbf	-52.39525162197966	-3111.6950970550324	-25.997008474305275	-93.7460806463694	-42.96218666255464	-665.3591248920484	1223.371385607191	24
133	0.44731604642399925	0.015722831866087993	0.128570488352838	poly	-4720.056403068945	-3111.9078016891094	-6104794.742295515	-94.4288807993215	-436.71786865542464	-1222631.5706499456	2441082.187078146	174
134	0.6173821267446156	0.0019803898825274807	0.0014794441412298025	poly	-1164.5823422735316	-3112.01306619296	-454479.30505510274	-95.3950149665721	-401.51564844457806	-91850.56222539608	181317.4128483766	146
135	0.4271910485687337	0.2001872370109972	0.31958559178000007	rbf	-53.074439290435585	-3112.091320209589	-26.571100448534033	-94.42797939614985	-43.61668993399124	-665.9563058557401	1223.2714626931686	74
136	0.21279653655831426	0.0012199346765869516	0.0003073071284957811	rbf	-52.94776967909998	-3112.1004722150838	-26.563455868275597	-94.45276035627022	-43.47619532630496	-665.9081306890068	1223.3005962210054	51
137	2.429771142094046	0.001748150429897783	0.04258526440698181	poly	-5230.358187502634	-3111.909809716957	-6278436.372607773	-94.42702729177954	-462.02087525669924	-1257467.017701508	2510485.37318415	191
138	0.32182954364736394	6.974472987121571	0.07079266074768258	poly	-192.5941605345356	-3109.5142776875723	-191.46514118422425	-201.94163710708386	-191.87404690502387	-777.477852683688	1166.024654259812	117
139	0.13176043885423336	1.7890988015514488	1.7893500673026497	poly	-46.450470334064306	-3111.296180400096	-26.553141386992408	-92.80713083333106	-41.1824101734238	-663.6578666255816	1224.0201773218541	9
140	2.821913159315023	0.11529036734281617	1.268620347186034	poly	-2297.5588306936866	-3111.8948092447745	-4010246.8476194544	-94.51611011710592	-291.8337233991998	-803208.5302185819	1603519.573970234	159
141	4.009567299717035	0.4042121596520936	6.911938191374634	poly	-431.4695542911075	-3111.8632330719965	-568103.2007896529	-94.35583561175216	-93.60356032037483	-114366.8985945896	226870.97513790996	148
142	0.9773995456133839	0.3315745109682818	0.004871324951909992	poly	-601.026537946708	-3111.868617992593	-1025900.9346152834	-94.42948438877448	-122.7554274584288	-205966.202936614	409968.8799967375	152
143	9.099911363357538	0.001870515391053986	0.00023482972448999703	poly	-254.44785619192785	-3112.087151319581	-2940.709898532231	-94.51316178840912	-42.37211804836069	-1288.8260371761019	1421.4760089342633	138
144	0.10760211864012169	2.9891013170098106	0.0004419437576155835	poly	-61.89560054839101	-3109.5142776875723	-49.19625081280306	-96.3859564373188	-56.742406779678845	-674.7468984531528	1217.4911455997442	106
145	1.7676710058443057	0.049125706656753865	0.06213002014056864	rbf	-53.05593297508056	-3112.0785828363196	-26.550741287466263	-94.4123753272503	-43.59803341843938	-665.9391331689111	1223.2737076663889	69
146	0.43073905883935704	0.02674106880641304	6.03804901710057	poly	-4358.5741761838	-3111.9061685162496	-5920810.336872586	-94.43525750643036	-417.8564711254142	-1185758.6217891835	2367526.4038287406	171
147	1.8954357196114762	0.0014692034859257919	0.5324803792566049	rbf	-53.063614261011914	-3112.082186401354	-26.55987215825419	-94.41980843348506	-43.606468701576496	-665.9463899911364	1223.271871785683	72
148	0.564216005904521	0.0029367528860605005	0.10856447449311533	rbf	-53.11799605446171	-3112.1117436499194	-26.622642891629084	-94.46890721310731	-43.66324466081294	-665.9969068939861	1223.2613167255543	85
149	0.12690531246426065	0.26505119707091673	0.010311856623770651	poly	-862.8759636800536	-3111.8763028502804	-1661359.0737614206	-94.44460498337953	-159.16157847527325	-333117.4864422819	664121.6960290532	154
150	1.1847122839519129	0.29699067188959416	0.22097035266326848	rbf	-53.00799367110765	-3112.056153182488	-26.493527955294986	-94.36623122048718	-43.546888661345044	-665.8941589381445	1223.28503771972	45
151	0.7309558004931768	0.21952940487510708	0.05279737489836261	poly	-1138.8180605179537	-3111.882299744529	-2209636.8336626864	-94.45945582481599	-191.01454197697348	-442834.60160415014	883401.7818542701	155
152	0.30534898802262744	0.12258823124104723	0.001399667108625718	poly	-862.3803406234334	-3112.0136900858806	-43828.88013291104	-96.27692151394324	-108.9568627764145	-9601.701589582142	17149.092317267998	142
153	0.1787263306017437	0.015660654419641967	0.007131865603604433	rbf	-53.1447001110015	-3112.124557558344	-26.651914119742315	-94.48984994758473	-43.68847588568363	-666.0198995244712	1223.256181450905	90
154	5.313832699464188	0.6456684104719218	0.18475472146479818	rbf	-52.83226526910852	-3111.9677006245206	-26.303463440202506	-94.20286779170249	-43.36887180822513	-665.7350337867518	1223.3205183809796	33
155	0.795510193324947	2.4795912660311843	0.6805438525560816	rbf	-53.58127109908774	-3110.407046494327	-31.8062938221079	-93.20479021387578	-45.34459628345912	-666.8687995825715	1221.9400864091724	98
156	6.517405663049357	0.002056217370191277	0.7432890977057593	rbf	-53.03114212394668	-3112.0659039512616	-26.522153676752882	-94.39100593546314	-43.573397979863635	-665.9167207334576	1223.278613027925	57
157	2.9852671531269968	0.7443821589533264	1.3357705342380355	poly	-152.2428024705793	-3111.787566195749	-13124.420314994788	-93.44879570321321	-43.69045242685424	-3305.1179863582374	5046.749951146588	140
158	0.5977737518041003	4.400433447596527	0.015205092407264779	poly	-192.5941605345356	-3109.5142776875723	-191.4651411842241	-201.94163710708386	-191.87404690502387	-777.477852683688	1166.024654259812	117
159	3.675593833939062	0.001840228601132055	0.007906851036977934	poly	-5226.745168821864	-3111.909795941163	-6280101.04423247	-94.42848268585445	-461.77339481092963	-1257799.180214946	2511151.6267251507	193
160	0.7280088233308262	0.11188015844966123	0.0017774930708011163	rbf	-52.86825427331269	-3112.049968207198	-26.46385796917081	-94.34174139515893	-43.2764556036904	-665.8000554897062	1223.3294763910133	38
161	0.12757991303410932	0.4379351798603473	0.0007832487334148461	poly	-49.070027369669084	-3112.0305862094992	-151.09688625813894	-93.95545045375192	-42.326563886647286	-689.6959028355412	1211.7911931406466	111
162	0.21040264686949753	0.09762802982321667	0.0011012202750079175	poly	-965.3114746593928	-3112.0395707802977	-3990.823712252747	-96.7288226277571	-42.68459973780162	-1641.517636011599	1617.5022799975577	139
163	8.746428018512686	0.034177808291896226	0.3328861023768412	poly	-4127.866897577831	-3111.90506837886	-5786343.839285708	-94.44003367310935	-405.455395629462	-1158816.7013361934	2313764.084193221	167
164	8.153673404831714	0.041853101203467316	0.0005969974256851898	rbf	-43.21559010272931	-3111.658309486813	-25.583393382222066	-92.96221046292086	-36.39656249949184	-661.9632131868353	1225.0656910154605	2
165	0.8107077603773178	0.001149900517172347	0.04519725692077694	poly	-5253.249766693715	-3111.9098968819485	-6277015.215391296	-94.42764952250222	-463.0367479338527	-1257187.5678904657	2509914.5249947472	189
166	3.799897816898761	2.7481241576623536	0.003331129189025974	rbf	-56.51044707155215	-3109.742219586314	-38.91868337752469	-94.09731331866465	-49.58032385888471	-669.7697974425881	1220.127810672144	103
167	4.620415600336251	4.616336610198356	0.0028267862131154424	poly	-192.5941605345356	-3109.5142776875723	-191.46514118422425	-201.94163710708386	-191.87404690502387	-777.477852683688	1166.024654259812	117
168	2.502583113733018	2.6713585530558532	0.01776541060388113	rbf	-55.45299036424276	-3109.9540682375064	-36.47111774864517	-93.75957502889082	-48.06496923262829	-668.7405441223826	1220.7580436375276	101
169	0.16485721335991266	0.011571040475271832	0.00014859659637180846	rbf	-53.04086767957741	-3112.110260486593	-26.588842276263122	-94.47619193423618	-43.59415740103655	-665.9620639555412	1223.2783347926995	76
170	8.279718209546846	0.004058929178592887	0.00017915034079963384	rbf	-49.17158430412351	-3111.6705841703088	-24.834228128051745	-92.8036999172722	-37.4814968169169	-663.1923186673346	1224.452983140282	6
171	2.1663117873888074	0.04761053661259332	2.8951433968662132	poly	-3742.699545539261	-3111.903084708357	-5477289.242088745	-94.44826039918418	-384.3274993289345	-1096924.5240957444	2190182.83401439	166
172	0.9000448324850671	0.11524145546550303	1.5435190375738645	poly	-2298.4890501736822	-3111.8948109114044	-4012974.418246095	-94.51713565648336	-291.9860420468228	-803754.2610569766	1604610.4936583159	160
173	0.5196691217748152	2.9508437969849735	0.003913558101848574	rbf	-60.841689368258606	-3109.5142776875723	-47.309800633686606	-95.90544761472182	-55.368674486122856	-673.7879779580725	1217.9762986475919	105
174	0.3839995820830591	1.2272933748544188	0.2614179212523654	rbf	-52.55236333015848	-3111.8069342131475	-26.064016687948403	-93.9199338716063	-43.09742537781751	-665.4881346961357	1223.3633585015089	25
175	0.32571433057190324	0.0016488127425724082	0.00023455645969281964	rbf	-52.76341892677367	-3112.0812058580973	-26.48230425443576	-94.41360918259545	-43.297700119821904	-665.8076476683448	1223.3416713769648	40
176	0.1000851946303766	1.699027446967419	0.00016452793174920053	poly	-52.19928778649484	-3111.509195885028	-26.06665115626237	-93.49171376455296	-42.8319853483087	-665.2197667881294	1223.3464187145241	21
177	1.1207210363381237	1.3163139740936258	0.6564193125749785	poly	-49.0951191811989	-3111.59863461372	-96.2388433644183	-92.93898872705535	-40.89661070630974	-678.1536393185404	1216.9278289543279	109
178	0.1379996955153144	0.48038775921572285	0.001881924010548592	poly	-308.46005408130924	-3111.9411494688475	-37864.71919293862	-95.5640948467372	-49.099521622326364	-8285.956802591569	14834.031329817228	141
179	1.8662064056262906	0.008011830325276033	1.4129556773030079	rbf	-53.06283870250332	-3112.0818939745054	-26.558957997732765	-94.41912610396153	-43.60570029131264	-665.9457034140031	1223.2720700563152	71
180	0.20477154180810514	0.38466975160031336	0.30628379981202714	poly	-468.6159020956416	-3111.8642642395143	-676019.8877754172	-94.41847151782508	-100.56336622685347	-135959.0699558994	270032.7637452252	150
181	0.12508097915321587	0.8238429939618008	0.00823009835656049	rbf	-52.831936981836854	-3111.9723960983856	-26.303407368521842	-94.20098648142867	-43.366970572815	-665.7351395005975	1223.3228042543892	34
182	0.3316056035737229	0.036202753710050516	0.00018745103853378515	poly	-53.12837071652815	-3112.130445935095	-26.322784958536186	-94.46758861764937	-43.677629633775425	-665.9453639723167	1223.2977680800116	70
183	0.16294181795970528	8.633836285313425	0.0025382691289104814	poly	-192.5941605345356	-3109.5142776875723	-191.46514118422425	-201.94163710708386	-191.87404690502402	-777.477852683688	1166.024654259812	117
184	4.097243327859895	0.010344849749020673	0.005111406948719853	rbf	-52.9656776908523	-3112.0360122531183	-26.46483036925114	-94.34494321372765	-43.496112290138555	-665.8615151634176	1223.2913786204626	43
185	1.7199801773395464	0.004506853917153573	0.059455632776918454	rbf	-53.06686380722234	-3112.084064491539	-26.563707150416672	-94.42287303151019	-43.60990784228065	-665.9494832645938	1223.2712600846733	73
186	5.141847295204583	0.0010063879092778217	9.161557934484156	rbf	-53.03279972410035	-3112.066080807916	-26.52394914227523	-94.39263862022638	-43.57513691569841	-665.9181210420433	1223.2780004693866	59
187	0.18242476662422696	0.004253172876256331	0.005696513653464664	rbf	-53.144809015593644	-3112.1246375241903	-26.65258741822545	-94.49042844594034	-43.688627066593014	-666.0202178941086	1223.2560626958482	91
188	0.6606936894988554	0.19612323719872862	0.0017217565404165493	poly	-1470.6635134381438	-3111.9499549572993	-1600426.7498951661	-94.81458449481373	-249.56916282346037	-321070.749422176	639678.914685435	153
189	1.0351799125526016	0.11427578855112099	0.00044251369123573565	rbf	-50.028791981198665	-3111.887949056503	-25.944108151815463	-93.88832768673376	-40.26783279931139	-664.4034019351124	1223.9525888021474	13
190	0.13300451841638905	0.1931941877185972	0.0008636445776336258	rbf	-53.01508883403628	-3112.091643286852	-26.56004037004222	-94.42529979726498	-43.52625672187239	-665.9236658020136	1223.2881476164525	62
191	0.18106041408556753	0.004885524169657104	7.867110633306765	rbf	-53.150135579548774	-3112.127126008339	-26.65762934192174	-94.49446857016005	-43.69426172586321	-666.0247242451667	1223.2550462695879	93
192	0.4618222497051959	0.046720003822384955	0.008262041703349899	rbf	-53.110740527134524	-3112.1082676822425	-26.614664562215474	-94.46189480299573	-43.65466302711637	-665.9900461203409	1223.2630160699032	84
193	0.15143297756398355	0.41957258939158476	0.7615378299830872	rbf	-53.02210508067898	-3112.067115806287	-26.50892125777208	-94.37843345238372	-43.561229409715224	-665.9075610013675	1223.283799470177	50
194	0.48623773068971926	0.03638973895426364	0.0005702854954453632	poly	-102.1165512790271	-3112.0890451193554	-937.0683976274447	-94.24232417109798	-42.4893406854842	-857.6011317764818	1175.3222239236893	137
195	9.471690239984133	2.504830178409456	0.0011629379668939349	poly	-52.24317347666967	-3110.3249149427743	-31.53387693595232	-92.92424455718444	-44.93828370288585	-666.3928987230933	1222.13761077132	96
196	0.2886421878764825	0.009316566511488189	0.8153666752568525	poly	-4943.269410355488	-3111.908719847233	-6238889.503895544	-94.42634900108916	-448.1032603391586	-1249497.4423270174	2494696.6661103475	182
197	0.14816624581878468	0.7586291360884567	0.001459215785448077	rbf	-52.79591379481865	-3111.9779380537425	-26.30056979897105	-94.20513680378247	-43.29523423464243	-665.7149585371915	1223.3358386334626	32
198	3.71901157988172	0.971377719721675	4.0892159181432985	poly	-89.38562285443656	-3111.7241245960254	-914.6608850265844	-93.13191584895608	-40.82778135527073	-849.9460659362545	1176.9214279841372	136
199	0.37218028529581604	0.3588634805212327	0.00013326579931576343	rbf	-52.605363157395246	-3112.022876193634	-26.232861804824598	-94.2998754324944	-43.15975428248564	-665.6641461741668	1223.3849208332826	30
