	param_model_config__colsample_bytree	param_model_config__gamma	param_model_config__learning_rate	param_model_config__min_child_weight	param_model_config__n_estimators	param_model_config__reg_lambda	param_model_conifg__max_depth	split0_test_score	split1_test_score	split2_test_score	split3_test_score	split4_test_score	mean_test_score	std_test_score	rank_test_score
0	0.6305233157495829	3.921602081976562	0.03718635067633043	7.511186600478471	398	0.0017062829878430163	9	-2.5256248	-2.5740728	-5.2334266	-3.0591319	-3.0822625	-3.2949035	1.1146818	136
1	0.8004481854639751	0.45305055346283163	0.02234843752377777	5.49894250743004	118	0.2986797869222453	9	-2.560888	-2.6522853	-5.2179446	-3.0410168	-3.0469704	-3.3038208	1.0926294	173
2	0.7523764532594154	0.42308809983893503	0.023707516845318268	9.186341749476522	94	0.0024204256407323035	10	-2.5855684	-2.594121	-5.240156	-3.0547938	-3.0034301	-3.2956138	1.1091514	140
3	0.9724824078756087	0.22200621499670528	0.06044107157955396	9.55116550372281	362	0.0004968337116743803	8	-2.5272872	-2.50262	-5.2288003	-2.8591893	-2.951308	-3.213841	1.1436732	4
4	0.9636513499546925	0.7525302842203259	0.04797063502092494	7.753688731918314	307	0.0074303870870243245	8	-2.5934622	-2.62653	-5.2238975	-3.0138726	-3.0565982	-3.3028722	1.0948986	170
5	0.7930547609650072	3.1071470016590133	0.17282343335636097	4.138807380892437	283	0.22473565355202207	9	-2.6363025	-2.5931916	-5.2428093	-3.0423608	-3.1482453	-3.3325818	1.0952945	255
6	0.7255978708850649	2.9058641299553747	0.022863783135409186	5.075586392917604	117	0.0017411531294131326	3	-2.6016226	-2.5890682	-5.2215724	-3.0078397	-3.0437555	-3.2927718	1.0995855	126
7	0.7481404331952141	2.349555591668014	0.08627048905323088	4.716926462024511	279	0.1493757136599663	3	-2.5050619	-2.5967615	-5.235444	-2.925034	-3.0234165	-3.2571435	1.1269794	37
8	0.8964475491653057	2.169632813851388	0.03587805487837893	6.709418817704549	117	0.001087785044617476	2	-2.571771	-2.5946264	-5.2265615	-3.06631	-3.0938077	-3.310615	1.0995536	190
9	0.8669043066867064	2.25355643463159	0.10400670833592895	7.161660315583974	192	0.6635494476750942	7	-2.6249187	-2.5092425	-5.261947	-3.0572457	-3.1073496	-3.3121407	1.1208898	200
10	0.9815965624246856	0.8533219040436901	0.0699073915986927	6.016721748680499	300	0.0003754153817401947	9	-2.5812287	-2.5213592	-5.1996694	-2.953752	-3.017016	-3.254605	1.1092026	33
11	0.8636933281192898	3.3423780159893326	0.12331058033348657	5.793018346865497	335	0.007111898938872145	8	-2.6159434	-2.5960345	-5.2231665	-2.9823668	-3.082107	-3.2999237	1.0966356	156
12	0.919557987111286	2.071703573097981	0.07724857183263156	5.517311401067938	247	0.1390806693696889	2	-2.5534031	-2.5738764	-5.2196956	-3.0931556	-3.145637	-3.3171535	1.0994357	223
13	0.9099601503256068	4.002314433834488	0.04782392603033652	5.145672665469492	156	0.3541243638904195	3	-2.6315484	-2.5923476	-5.2262993	-3.10573	-3.0746925	-3.3261235	1.0889584	244
14	0.9504300439372034	1.414054898184878	0.02033591675071055	4.353336460002105	382	0.0012771805314591635	8	-2.5690255	-2.554235	-5.239943	-2.9905987	-2.9979742	-3.2703552	1.1220988	63
15	0.9187043827727609	3.614486938148627	0.01553972771509569	6.928734330587309	283	0.00963980448334129	10	-2.6486065	-2.571719	-5.2251263	-3.0851445	-3.0947804	-3.3250751	1.0892602	243
16	0.9251318200654826	2.195753681834998	0.060315456101352645	7.553451548324205	297	0.10742897341137396	6	-2.6162837	-2.5871742	-5.243328	-3.005219	-3.0614069	-3.3026824	1.1063339	168
17	0.756800623128224	4.704004508047905	0.01892402243389382	8.319666433855419	388	0.20597417877308574	2	-2.6378796	-2.61678	-5.23115	-3.0896983	-3.0315351	-3.3214087	1.0895575	236
18	0.674399555111372	4.080380318530725	0.05697704255819057	5.022392862977577	95	0.0007876160322236518	2	-2.5860505	-2.6209269	-5.2069173	-3.0644047	-3.0783849	-3.311337	1.0852618	197
19	0.9427902504447041	0.2650036020639561	0.049315889211650206	8.17256221699208	319	0.00891681843951797	3	-2.5287178	-2.5376768	-5.220012	-2.925126	-2.990581	-3.2404227	1.1270518	14
20	0.6676404253461533	4.395834557890013	0.15236094472959757	2.7777960052044115	305	0.7080728662643101	6	-2.6499238	-2.720805	-5.2636943	-3.0773969	-3.090837	-3.3605313	1.0827214	279
21	0.9231341837184278	2.793599191923565	0.01637952540072285	1.3197592434732703	304	0.1704054128495447	9	-2.5987601	-2.5638804	-5.2391706	-3.012609	-2.962833	-3.275451	1.116608	77
22	0.855390809063961	4.328154748020688	0.06733955132809935	9.993673542206833	94	0.012556810699202297	10	-2.6108806	-2.5957434	-5.2541046	-3.0685759	-3.0703928	-3.3199394	1.1060828	232
23	0.6395092947097226	2.8771553826287035	0.0190542553567716	1.1061170795046733	61	0.5789560193199013	10	-2.822591	-2.8422477	-5.270527	-3.3607492	-3.2894006	-3.5171032	1.0110103	291
24	0.9904855288314907	2.8021201107788203	0.012396667162288523	4.060610363926861	273	0.12059306633756241	4	-2.605422	-2.551721	-5.2284245	-3.0369263	-3.0659573	-3.2976902	1.1051174	147
25	0.9490508732576748	0.21712482809742123	0.022560749749812765	3.494976244248657	127	0.006331429539178653	9	-2.563298	-2.660382	-5.2326074	-2.9690726	-2.9879742	-3.2826667	1.105914	95
26	0.6121757066662492	3.3955490446583525	0.012382692066638437	4.247024444066991	145	0.06082578923301668	3	-2.6638064	-2.6780317	-5.237036	-3.172996	-3.1345444	-3.377283	1.0673962	282
27	0.8084056413128705	2.721459628546787	0.02585137218773163	7.633792535970617	172	0.01966581845510724	3	-2.6099348	-2.5629725	-5.231172	-3.0916529	-3.0601819	-3.3111827	1.1010361	193
28	0.7513504533725677	1.1108006968532065	0.15677190410383735	8.452842125922528	84	0.14476175533542823	9	-2.68174	-2.5702717	-5.2448006	-3.0766776	-2.9724412	-3.3091862	1.1015607	187
29	0.9307976974579054	1.2634359915104076	0.16738020434326015	8.38592372315696	68	0.00010172286706178733	9	-2.5459807	-2.6111445	-5.243431	-2.9022436	-2.9828062	-3.2571213	1.125791	36
30	0.8382484452081497	3.7845724495968174	0.012028970068653628	7.703413063136286	118	0.025956026374419378	4	-2.789703	-2.7680476	-5.260477	-3.2776914	-3.2478697	-3.4687576	1.0304933	287
31	0.8689476873717146	3.589039055228835	0.07145975344672065	2.322372841241892	183	0.0012268271154142196	9	-2.5414646	-2.5820096	-5.22267	-2.9724755	-2.9656787	-3.2568595	1.1177304	35
32	0.6158514295467578	4.944308239353499	0.11620151604672221	6.728521081867005	352	0.0005490137980524711	6	-2.620605	-2.5982747	-5.2471433	-3.1610744	-3.0609477	-3.337609	1.0971255	262
33	0.6364135421705056	0.7353812405514767	0.07659065427424101	5.0463766907192005	71	0.0070648633901452965	6	-2.5071278	-2.6139624	-5.2299485	-3.0102754	-2.9733763	-3.266938	1.1190568	52
34	0.7046076258567096	3.785957822969411	0.16584421645302796	7.081161694066252	176	0.13857436154567296	8	-2.6542487	-2.686389	-5.2457294	-3.0797458	-2.9294991	-3.3191223	1.0912528	228
35	0.8260207469084153	1.5887282754887364	0.042237500866554464	3.8352682338594684	257	0.0327646559737189	3	-2.527596	-2.629814	-5.212934	-2.950161	-2.9677553	-3.2576523	1.1100541	39
36	0.7492929411567858	3.4308658418987212	0.014416121590194675	1.8338607020238602	276	0.0384606338897538	2	-2.629474	-2.5999777	-5.2284126	-3.0101833	-2.9971921	-3.2930481	1.0993016	128
37	0.708561392885605	4.462069118461722	0.018398018867752386	3.6199923534564746	397	0.07330989002631179	4	-2.6290896	-2.6254852	-5.226136	-3.0672383	-3.0186203	-3.3133137	1.0894446	207
38	0.7311644397186705	0.2728393479359674	0.09557629587298327	6.055665904619888	210	0.0022291388335288253	4	-2.6456056	-2.6582813	-5.2159314	-3.0781257	-2.9746106	-3.314511	1.0799168	212
39	0.6462856202437222	0.35774853863606404	0.08977658466305644	4.337874093605358	152	0.3207219073028014	6	-2.4546618	-2.6019135	-5.2278996	-2.9559555	-3.0119224	-3.2504706	1.130023	25
40	0.9555954387536436	3.2555410982349495	0.02679805824142754	1.535793889712202	181	0.00491887854079379	8	-2.6504154	-2.631983	-5.249243	-3.0252337	-2.9608033	-3.303536	1.102071	172
41	0.762107056093582	0.8841639610821064	0.024418792043030903	9.096182009751923	393	0.1292528911570994	7	-2.4956832	-2.548408	-5.2446456	-3.0002646	-2.9483793	-3.247476	1.1394238	21
42	0.9724484727686804	1.5434042775000087	0.07527337450379955	7.455356078028902	374	0.08427235210946321	10	-2.6782224	-2.5297556	-5.234858	-2.9941964	-2.9971824	-3.286843	1.10769	111
43	0.9527250411885434	1.4340711699403088	0.022872482690001403	8.584027338406443	122	0.00016256354918980071	2	-2.61437	-2.5984142	-5.2347875	-2.9997585	-3.0309045	-3.2956471	1.1031972	141
44	0.6787219701660523	0.43277156537271855	0.06750773248708787	9.6645883624827	99	0.003672322412014961	8	-2.4969494	-2.559167	-5.243598	-2.9115243	-2.840174	-3.2102826	1.15037	2
45	0.9752539284113397	2.401592204143765	0.010170454267175081	9.992874712575924	50	0.0036123649197399746	5	-3.1234584	-3.145425	-5.363017	-3.6756184	-3.5924182	-3.7799873	0.9200214	300
46	0.8514660951248807	4.85377019370533	0.04696779314647354	4.911049087251875	394	0.21772829748802544	9	-2.6412785	-2.597799	-5.226067	-3.0537453	-3.0336142	-3.310501	1.091763	189
47	0.6437173332926777	3.5105405562849232	0.14436963122419502	2.222834934944025	372	0.0022851235263582448	8	-2.6633258	-2.6017437	-5.2227817	-3.0736077	-3.001404	-3.3125725	1.0873853	202
48	0.6676941550905607	2.0661564443744322	0.021762549811521537	1.4961531980286757	168	0.0006068723031127616	6	-2.5496094	-2.604431	-5.2336006	-2.991065	-2.9665802	-3.269057	1.1166396	57
49	0.7688006135927397	1.9192812058236586	0.048993089048904294	7.158164701196729	342	0.3731711117245024	10	-2.597212	-2.5852365	-5.21957	-3.0231886	-3.058318	-3.2967048	1.0982404	143
50	0.6742821307153497	4.5476545779825015	0.09414111007404266	4.767553146500078	396	0.00010844173135362074	3	-2.575203	-2.6234107	-5.2279196	-2.9803927	-3.0351985	-3.2884247	1.1035824	115
51	0.910213965671402	2.4391956730193542	0.038355362986077016	6.024364049554626	152	0.04262903883595397	7	-2.5698082	-2.559741	-5.2095966	-3.0306282	-3.1136296	-3.296681	1.0994275	142
52	0.8680310967860458	1.3468633376814365	0.152594166372082	7.743160980930819	276	0.01530924296540854	5	-2.5917382	-2.4996016	-5.24117	-2.8965814	-3.1070945	-3.2672372	1.1297129	53
53	0.804221623363038	2.3864791366348035	0.1477839450421563	3.6560003991077368	132	0.0868855653151112	3	-2.6203053	-2.5322487	-5.2411957	-2.9901946	-3.035859	-3.2839608	1.1162584	98
54	0.6245433116940858	4.776169717799273	0.035421098305934436	6.115824628428813	219	0.0004398484445996325	4	-2.56585	-2.5907652	-5.229975	-3.1029258	-3.0544114	-3.3087857	1.1029009	186
55	0.6010497415301589	4.303689294491825	0.03823603205864383	5.439848730752617	351	0.0008771003978274923	3	-2.5131462	-2.6263683	-5.241322	-3.0910425	-3.0249515	-3.299366	1.113661	153
56	0.7664737479072994	4.846474048922205	0.03244567768807158	8.580658302774587	134	0.00019534108598776495	5	-2.668089	-2.6156924	-5.2260294	-3.1251566	-3.0474036	-3.3364742	1.0799191	260
57	0.856028590428485	4.980899440526513	0.012792570142085812	4.585393694125478	239	0.03547597270050817	9	-2.6994586	-2.6043372	-5.2232757	-3.0886693	-3.0430357	-3.3317552	1.0781043	254
58	0.7369840501604562	3.5904913940156966	0.12392254514692198	4.246219969452693	356	0.8929928919707224	7	-2.6803412	-2.5880706	-5.2297482	-2.9761417	-2.926868	-3.2802339	1.1019195	88
59	0.800394108237569	3.603046835780628	0.03559716872064606	7.410940505592338	304	0.014475109226351262	5	-2.654899	-2.615112	-5.228404	-3.107472	-3.0996795	-3.3411133	1.080823	267
60	0.8167851351735038	1.2840825185775528	0.0370515157747556	9.055868865588057	170	0.008667139927976304	7	-2.5902202	-2.5492563	-5.246731	-2.9755352	-2.9340546	-3.2591596	1.1278318	41
61	0.9943510156162005	0.5247546464790195	0.0641921444733099	1.6563601419420166	232	0.2694235124574906	3	-2.6588929	-2.6075532	-5.2367487	-2.9253588	-2.9230082	-3.2703125	1.109005	62
62	0.6137781481425724	2.8292124568733827	0.1754193209405835	6.938137304440205	269	0.1668004252838251	9	-2.5433726	-2.4944363	-5.2387357	-3.16083	-2.9270236	-3.2728794	1.1330177	71
63	0.7950900610669953	2.832063114576935	0.0715142333872861	1.9683201908290284	199	0.0038716033865947978	3	-2.5571873	-2.6774716	-5.214261	-2.8579204	-2.984309	-3.2582297	1.1056762	40
64	0.9949019788020074	4.664495603885233	0.019631114126547996	2.0574658694731647	323	0.0028243307425671995	8	-2.6960976	-2.6339576	-5.2465086	-3.080571	-3.0484555	-3.3411183	1.0839945	268
65	0.7282662941864622	2.3472097806450183	0.17492361669504689	6.445800123901569	115	0.0007589141990128074	2	-2.596598	-2.6023648	-5.255109	-3.0669675	-2.985818	-3.301371	1.1132076	162
66	0.9619713955292669	4.129503084356256	0.015098739753971307	3.2381367954145173	279	0.20514743187319234	7	-2.6553466	-2.632181	-5.2294197	-3.054282	-3.0371857	-3.3216827	1.0852786	237
67	0.825392701085447	1.1958299237353056	0.05597498876986415	9.424221592655694	102	0.0009488684241665928	9	-2.4913902	-2.5710816	-5.244172	-2.9597814	-2.95176	-3.243637	1.138652	18
68	0.9798307699345029	2.6989383769484245	0.027472774157571267	9.468297341946597	120	0.0023913114785529704	2	-2.6347623	-2.57183	-5.2404127	-3.0083246	-3.009569	-3.2929797	1.1076047	127
69	0.6260639901812872	4.672424004350106	0.07550497277543672	3.401244918285927	241	0.011992708286179331	7	-2.5513265	-2.6122096	-5.2194138	-3.1372063	-3.01323	-3.3066773	1.0984344	180
70	0.7255838256101477	0.7668379656394566	0.12971339709002844	8.807062112243353	288	0.20455079446093846	10	-2.383914	-2.5789092	-5.2418723	-3.0150108	-2.9895573	-3.2418525	1.1500806	16
71	0.7301228955515444	1.5657501935796039	0.06441948027998574	6.529721390884319	223	0.0003914415039678186	9	-2.6527054	-2.564387	-5.23977	-3.0508535	-3.0003633	-3.301616	1.1039324	164
72	0.9195050845006438	3.462465633595434	0.08106439202041806	1.7142208923773228	52	0.08319387084960803	7	-2.5764458	-2.5922225	-5.244627	-2.9705162	-3.0180283	-3.280368	1.117161	91
73	0.6390058107640116	0.5959721318977705	0.17749128923252352	9.045561371242007	331	0.5566836759444104	5	-2.4249778	-2.5578902	-5.224733	-2.8648973	-2.973249	-3.2091496	1.1484554	1
74	0.918613173276179	0.8964152552616902	0.011965255045782483	8.318427230789434	58	0.03391454948047599	4	-3.0429714	-3.0460184	-5.3259845	-3.5778184	-3.5381546	-3.7061894	0.94129366	297
75	0.8061793022952801	4.121265039238801	0.014037517217256566	6.4328767647212075	170	0.00039474460161881915	6	-2.6508124	-2.5725846	-5.2168207	-3.0739172	-3.107112	-3.3242493	1.085145	242
76	0.9655939875978747	4.899641047258012	0.012259067820774723	1.6673555234370623	171	0.0009887750159219661	3	-2.7217026	-2.656934	-5.2489085	-3.1021957	-3.0605319	-3.3580544	1.0753866	276
77	0.8395862709855092	3.156133524279559	0.03549039832272602	6.027942689915575	170	0.0018553613680981505	2	-2.5377522	-2.5754142	-5.2183046	-3.062038	-3.0984292	-3.2983875	1.1048962	149
78	0.8814274667387585	4.080015009591194	0.06779051088011702	1.3759343877457775	72	0.28500311935273004	3	-2.654802	-2.616639	-5.2340627	-3.0207992	-2.968152	-3.2988906	1.0968057	152
79	0.7207532737164701	0.10003196652959269	0.014692510114195223	1.4656591123914904	165	0.00220548080623394	5	-2.561212	-2.6780312	-5.223685	-2.9980423	-3.0379446	-3.299783	1.0946537	155
80	0.8472742808877831	3.3774473286290787	0.1604924669173769	5.207578102263499	327	0.015069188443226543	4	-2.5435908	-2.69842	-5.2495923	-3.037883	-3.069071	-3.3197117	1.1017094	230
81	0.8088448778890363	1.2231042619101522	0.010948630048085878	4.315671635332124	139	0.005314165845793436	2	-2.7614613	-2.721079	-5.254077	-3.1943438	-3.184809	-3.423154	1.0478774	286
82	0.8810009538932815	3.3012636348254416	0.14492634412395833	1.664299276749456	291	0.43359162979440746	8	-2.6058154	-2.5805194	-5.219163	-3.0473185	-3.05986	-3.3025353	1.0959258	167
83	0.9711328687616206	1.391100402129699	0.1621042700167663	7.637424411007165	379	0.00027481617761756204	6	-2.5847044	-2.6570547	-5.2255254	-3.1038132	-3.073412	-3.328902	1.0860858	250
84	0.7987322133429897	1.437374794209614	0.053051026522064615	9.41099904563011	287	0.001228556088652274	2	-2.540116	-2.5886688	-5.2370667	-3.0200977	-2.8844244	-3.2540748	1.1265152	30
85	0.7518402845503371	0.729567688794693	0.08609784963720013	6.984593855214523	343	0.0033080317315291033	6	-2.6295967	-2.6346962	-5.22603	-3.0558987	-3.0321558	-3.3156753	1.0876303	217
86	0.8635286247097848	2.0237672952915204	0.016223690399334533	5.476542681575977	380	0.0014740666203032634	2	-2.5450172	-2.585272	-5.2278504	-2.984311	-3.0894096	-3.286372	1.1113642	108
87	0.7533744209430531	3.551849750940834	0.02727693167536025	5.124322322375231	299	0.0004176168052585845	6	-2.6017375	-2.5927515	-5.2277393	-3.0498044	-3.061936	-3.3067937	1.0980655	181
88	0.7817728660510723	0.17430882989217525	0.04907678346992924	7.506622441924912	364	0.07286166172540864	3	-2.5027657	-2.476901	-5.2227664	-3.0306685	-2.9350152	-3.233623	1.1394987	9
89	0.8478567836167644	1.303014402257406	0.13603798431674602	7.2927482941997805	208	0.00013514684857360876	2	-2.6196492	-2.6061618	-5.230422	-3.0163217	-3.1307716	-3.3206654	1.0929083	233
90	0.6434215909071399	1.4026312056088408	0.011085562575202613	6.392236222558244	227	0.004863632571957982	8	-2.5543234	-2.5778196	-5.2255387	-3.0173962	-3.0560532	-3.2862258	1.1094711	106
91	0.62698106964785	2.2338116672276427	0.1074704601787692	3.02389543035414	388	0.011524145546550301	2	-2.4557922	-2.5260065	-5.2343097	-3.0086825	-3.0628183	-3.2575219	1.1385742	38
92	0.6656132827933533	0.17212116979572253	0.04562190276020345	4.197213251025406	399	0.12272933748544174	10	-2.3916047	-2.5605338	-5.222574	-2.9102077	-3.0129602	-3.2195764	1.1478539	6
93	0.7025673733595114	0.36603488556622443	0.012483621546069686	9.757967047405721	268	0.1699027446967417	4	-2.492277	-2.5848238	-5.2257285	-3.0036685	-2.9565861	-3.252617	1.1254826	27
94	0.8365250607792156	2.6712689334916684	0.10341774563876842	7.870926429978846	61	0.00019043915962319488	2	-2.653423	-2.6089144	-5.23342	-3.081154	-3.0010905	-3.3156006	1.0919932	216
95	0.6615715988127006	0.8026510788241442	0.067108623479643	3.0333964222462644	188	0.05078594615977832	3	-2.390985	-2.567499	-5.231308	-3.0452886	-3.0100865	-3.2490335	1.1433237	22
96	0.7090090770908356	3.7862469607323526	0.022431742374581006	1.4373607253880551	57	0.004494324893110312	10	-2.8061209	-2.8033688	-5.260879	-3.2892723	-3.251137	-3.4821556	1.0212988	288
97	0.7558741605770611	0.36743009386550063	0.08353015377012296	1.5670958299671	138	0.0013293218223054983	5	-2.537931	-2.627307	-5.2125716	-2.9999368	-2.9459894	-3.2647471	1.106836	50
98	0.9224983513363366	1.3430371293867904	0.02783379839225072	8.433277298210974	350	0.0004506853917153576	10	-2.610132	-2.5747483	-5.222355	-2.9919293	-3.0222316	-3.2842793	1.103198	100
99	0.7229798551069485	4.893630268449988	0.10331881179960652	1.329905778865529	112	0.00042531728762563336	5	-2.6129425	-2.6625972	-5.2384157	-3.0427954	-3.0374875	-3.3188477	1.0919108	227
100	0.8292529053072721	1.3112523065816917	0.1418124789069249	7.272046347188927	162	0.0004077537904627476	5	-2.6342645	-2.7037022	-5.2306337	-3.034593	-3.0930774	-3.339254	1.0760663	264
101	0.6232156591758088	0.6857405231714869	0.06588002814394628	2.1602057917062365	260	0.3286548783577327	5	-2.4623942	-2.677415	-5.231737	-3.0134113	-2.9971912	-3.2764297	1.1171228	81
102	0.8046306175511352	2.6137351906206137	0.056653575003217424	1.81099207803523	127	0.10621874893254274	8	-2.5937662	-2.625897	-5.2381306	-2.9646218	-2.9591348	-3.27631	1.1107872	80
103	0.6402720640403757	0.26788491690307215	0.08149666482018907	8.464003411481983	385	0.4619663079722472	5	-2.3875191	-2.5502625	-5.242473	-3.0314	-2.8494918	-3.2122293	1.1623806	3
104	0.6920719615558799	1.287338463736928	0.1041735596120586	6.038982598247913	369	0.07586291360884566	6	-2.5011344	-2.6322958	-5.252992	-3.0606313	-3.083059	-3.3060226	1.1182992	178
105	0.7579651649393496	3.9475474500269985	0.09368507181460686	9.3009520768771	108	0.4486568959886574	8	-2.6037462	-2.6312432	-5.2319255	-3.063869	-3.00553	-3.307263	1.096192	184
106	0.7357814581966425	4.773168394327066	0.15999733533579089	3.383169904067185	86	0.010883825088951832	7	-2.653597	-2.5665374	-5.245122	-3.1109233	-2.8728309	-3.289802	1.1132169	116
107	0.7551957865642938	0.7990568934188976	0.0315064833685569	1.4324499515498714	99	0.00351274019809913	6	-2.5246236	-2.6104665	-5.21396	-2.9515836	-2.947457	-3.249618	1.1149998	23
108	0.62285725762747	4.949511509618792	0.049842301512836786	3.7006466787723378	216	0.006388595370608191	10	-2.57304	-2.6030164	-5.2170744	-3.05555	-3.0223906	-3.2942142	1.0984179	131
109	0.7287855887850889	4.692035039062104	0.02051918641869364	7.5960273447580855	182	0.00018432804996855183	9	-2.6369445	-2.6440315	-5.227927	-3.125101	-3.0716152	-3.341124	1.079483	269
110	0.8632444424785894	1.1276429222297057	0.02668434921740111	5.954581690578475	322	0.055373650407843915	10	-2.5322974	-2.5339725	-5.236915	-2.9667335	-3.0566807	-3.2653198	1.12828	51
111	0.8288369655601173	3.8638252048189283	0.044040819051341974	2.0112852142343316	217	0.5864368398111313	9	-2.6439502	-2.63833	-5.2109895	-3.0488267	-3.0237439	-3.313168	1.0791926	205
112	0.8384073159704116	3.616499576667613	0.10851837319560004	7.301491438009127	211	0.34982174181276493	10	-2.6615283	-2.5837932	-5.225779	-3.035213	-3.0851815	-3.318299	1.0890142	225
113	0.7026443139314001	3.43808531814215	0.10479456393483584	4.431535652876206	332	0.03519908013165314	8	-2.5551496	-2.6279652	-5.2230353	-3.072621	-3.0457952	-3.3049133	1.0978044	176
114	0.853258998952668	1.7231953741481785	0.012213520180530842	2.5193841393325553	137	0.03988215514659294	5	-2.6861014	-2.7226944	-5.2409735	-3.1025524	-3.0991538	-3.370295	1.0644423	280
115	0.6179346556858364	2.922516444824551	0.11621518478942394	8.169504679320179	336	0.02031442193036436	5	-2.5814242	-2.6962738	-5.2636876	-3.0691159	-2.90975	-3.3040504	1.1115785	174
116	0.9669289245951989	2.094920873567094	0.02177102855077803	4.4161443633829744	213	0.0015013886404025081	7	-2.564377	-2.57179	-5.2285237	-3.0013764	-3.0695832	-3.2871299	1.1104137	113
117	0.9540561653248019	2.4087927261166713	0.08042847712763411	2.2493237895588107	231	0.13259870871551374	8	-2.5347748	-2.6550171	-5.235564	-2.891368	-2.9951077	-3.2623665	1.1181278	45
118	0.772641703988682	1.021418846164967	0.06460361487371953	7.048650785621237	64	0.07387856211380985	10	-2.582316	-2.5673547	-5.206633	-3.0163236	-2.9903953	-3.2726045	1.1022322	69
119	0.7832893225622765	4.277737503443487	0.05535593688911821	8.936290037057368	274	0.0002539773642867963	7	-2.643941	-2.5708177	-5.230962	-3.092432	-3.042803	-3.3161912	1.095292	221
120	0.6787220122966212	0.5070282915730525	0.16289679980095853	4.337539704008418	354	0.029772414032367817	2	-2.5632226	-2.6055663	-5.2530174	-2.9896798	-3.1004488	-3.3023868	1.1152855	166
121	0.719708835390237	3.1768312270753896	0.04281947791837418	4.7902008227989175	115	0.0008622614876564347	3	-2.5217855	-2.598731	-5.2301116	-3.0259488	-3.0477426	-3.2848637	1.1135887	102
122	0.8914003748659853	1.5870900710177982	0.019669909909692113	5.594793814103009	104	0.11425077993767047	5	-2.6106894	-2.6478744	-5.23714	-3.069293	-3.154714	-3.3439422	1.0860028	272
123	0.6511508652912882	0.3609523060394517	0.09089486266050383	6.7726831738143805	120	0.002410084485610304	2	-2.5035386	-2.451063	-5.232514	-2.978127	-3.015054	-3.2360592	1.1460813	11
124	0.687995737771494	2.063781834390361	0.1104053194722592	8.560986268239745	109	0.006845602080630883	5	-2.5753944	-2.5858545	-5.2443204	-3.171878	-3.0698137	-3.329452	1.1045929	252
125	0.9060827827404663	2.159841854088946	0.0981641402826688	5.904155146571227	95	0.306704674699087	7	-2.5860932	-2.6326728	-5.2297096	-3.0791092	-3.1487052	-3.335258	1.0890633	258
126	0.8310662355831744	4.525036756231195	0.027703438946669563	7.157378877276276	370	0.007746405211577657	8	-2.641771	-2.616288	-5.2278814	-3.1144826	-3.0871122	-3.3375072	1.0828387	261
127	0.9354278271546642	1.2011205144515364	0.04202518528030972	9.85506464313325	182	0.0852465917936748	7	-2.5389528	-2.6045465	-5.2450185	-3.0130622	-2.9492466	-3.2701652	1.1232604	61
128	0.8928586289126055	4.373038572171959	0.03841646801416428	6.443263945340316	111	0.000834576913594337	2	-2.638691	-2.5479658	-5.228577	-3.024653	-3.1276119	-3.3134995	1.0985123	208
129	0.6422125161570346	0.6980748071189755	0.050350744107692615	3.5393205527113016	215	0.006862117651137535	8	-2.3941495	-2.5892766	-5.2268386	-2.9665768	-2.9926498	-3.2338982	1.1426053	10
130	0.8534282097610862	3.28896293017461	0.021129580253296754	3.3414132871635336	330	0.0005281541113754849	7	-2.614389	-2.6029463	-5.2273817	-2.9818385	-3.028306	-3.2909722	1.1006116	120
131	0.6883447008410164	3.5886096045024547	0.038763734152616545	9.524425631538891	352	0.0012407407144995612	5	-2.6116514	-2.5860646	-5.2282147	-3.0755582	-2.9832778	-3.2969532	1.1013833	144
132	0.9657980087925144	3.1717107656485974	0.16434751601216097	6.027764490853148	377	0.07300630926624856	4	-2.5417757	-2.5587	-5.246899	-3.088329	-3.170542	-3.3212495	1.1151403	235
133	0.9002921357456449	1.049941273524173	0.02127792912160812	5.569225866803604	372	0.007388898131067031	4	-2.5940692	-2.5858204	-5.227231	-2.9600618	-3.0655553	-3.2865474	1.105919	109
134	0.7025890495348983	0.8175394793209068	0.021668260694206708	7.0527778281176365	172	0.02226269641682312	9	-2.5428326	-2.611773	-5.233842	-3.0381877	-3.0087907	-3.2870853	1.1112176	112
135	0.6942237285856567	2.7738230122668215	0.015132371774452287	7.9656964024206705	231	0.006489157378504368	4	-2.583473	-2.6140804	-5.2347126	-3.085856	-3.0420272	-3.3120296	1.0998515	199
136	0.623767813261802	4.156104592126169	0.030438499891724115	3.3897330189364707	314	0.00568074804689466	8	-2.5359573	-2.5484512	-5.232683	-3.0730438	-3.0492055	-3.287868	1.1177568	114
137	0.7964692906948229	2.8118632578473757	0.016764754203928964	4.034232760478732	220	0.01621433769305867	2	-2.6071167	-2.570583	-5.2197556	-2.9854412	-3.0468848	-3.2859561	1.102228	104
138	0.9817392966595098	4.9560646052956185	0.019043689010405762	5.001438215394821	262	0.0009087229969310357	3	-2.6680634	-2.583986	-5.2326617	-3.0451763	-3.086232	-3.3232238	1.0903138	240
139	0.9748379067881373	2.3004704129126927	0.025215233440420995	5.601324435696087	118	0.004348496951308875	2	-2.5555665	-2.5629647	-5.2236304	-3.000927	-3.0845103	-3.2855198	1.1104716	103
140	0.8554529541588822	4.5344999112432856	0.1187242954095041	4.52745229961096	169	0.0005526091400032127	10	-2.5689414	-2.6052785	-5.2411356	-3.0801427	-3.0342598	-3.3059516	1.1072341	177
141	0.6753558032798689	1.8587678826668508	0.035782196060313985	7.954803871371021	363	0.09332640978901688	4	-2.524174	-2.566771	-5.224771	-3.0279074	-3.0247982	-3.2736843	1.1169806	72
142	0.7184356664818702	3.2371247212931755	0.02895034703845842	5.362655224545669	137	0.014454956357599224	10	-2.5522304	-2.5843732	-5.2314854	-3.0644903	-3.0279174	-3.2920995	1.1103039	122
143	0.9961746476341717	0.9250211997983777	0.024844631107005175	2.5838595547174297	88	0.013356053895738074	6	-2.6257439	-2.6477256	-5.2432656	-3.0064013	-2.9627068	-3.2971687	1.1018497	145
144	0.9449223888403542	2.8125008589537304	0.04202805372937799	3.277445872194896	143	0.043838229521162564	8	-2.5973158	-2.6038504	-5.237642	-2.960284	-2.9936192	-3.2785423	1.1112852	83
145	0.7652773492054468	4.484600210462177	0.01756912803722579	9.837292010492247	266	0.3715275408699066	5	-2.642575	-2.6031458	-5.236677	-3.1231618	-3.0258706	-3.3262863	1.0921876	245
146	0.6368310206012844	1.5439506700739403	0.0920573862589185	4.794592281721384	170	0.0012661999524183746	2	-2.508707	-2.5928478	-5.2344303	-3.0293212	-2.9825506	-3.2695718	1.1222345	58
147	0.9294984520363485	4.314546758371306	0.08701621180956928	2.83612721813524	294	0.39761272556542826	5	-2.6688704	-2.6194024	-5.22824	-3.0045998	-3.035557	-3.311334	1.0881401	196
148	0.8956278528734898	2.508431539178989	0.09789239126726243	3.5447155462626925	302	0.0010872526833116895	10	-2.6302204	-2.5674396	-5.21618	-2.920718	-2.977481	-3.2624078	1.1065489	46
149	0.9989533602458054	0.598604118145691	0.10323580434579797	6.005337200568125	76	0.00020899038857882834	6	-2.5551808	-2.5637205	-5.2077966	-2.993169	-3.0509257	-3.2741585	1.1055988	74
150	0.7314613710360618	1.6571804989089562	0.011815157483331062	2.5956586188874815	160	0.05295453861762121	3	-2.6322167	-2.6798224	-5.2376585	-3.0678177	-3.1074824	-3.3449998	1.0800372	273
151	0.9544775425429425	3.023744331157357	0.06617858032904479	1.1480387790823707	138	0.012723647683281993	3	-2.5782773	-2.632548	-5.2288404	-2.9698706	-2.9479508	-3.2714972	1.1085647	66
152	0.9281682754108175	3.1830596587915956	0.01434742621154865	9.768147916197693	265	0.010267949397321088	9	-2.6566553	-2.5832303	-5.242728	-3.0536175	-2.998708	-3.3069878	1.1014855	183
153	0.8241883792456891	1.1804235232999547	0.10204372886058904	2.1398573515797135	264	0.00017963837356461596	7	-2.5568826	-2.666745	-5.244447	-2.9057987	-2.8906007	-3.2528949	1.1231673	29
154	0.9550346845672011	0.8107997261041991	0.014215483457506794	3.2624961861258184	396	0.0002993926334068746	3	-2.5937877	-2.6152046	-5.230521	-2.8950264	-2.9787776	-3.2626634	1.1129701	47
155	0.8258012572664797	4.355006157477005	0.0152311550582332	8.383647979593714	109	0.0009250196714732758	10	-2.7145374	-2.7016487	-5.2508326	-3.2022145	-3.1800156	-3.4098496	1.0571378	285
156	0.7097086970340817	3.0496927055905134	0.026949986541578708	7.282807547096714	168	0.00048762664795509606	10	-2.6065667	-2.5976942	-5.2290425	-3.0934227	-3.0277965	-3.3109047	1.0967524	192
157	0.873108788213006	1.3042910259773424	0.016456469632033333	1.3629073344016525	105	0.46387524215565107	7	-2.722861	-2.6852322	-5.2490253	-3.1161282	-3.1073716	-3.376124	1.066732	281
158	0.7935089660928295	3.373034329783224	0.17580776443856486	4.648274866784813	183	0.00038769621971623147	4	-2.5274749	-2.6212234	-5.2454615	-3.0837903	-3.1596894	-3.3275275	1.1073614	248
159	0.7208504709667979	2.548539263932807	0.155629746447405	3.723866773608279	180	0.5631715884890482	2	-2.5898333	-2.6474614	-5.232509	-3.0492094	-3.0445247	-3.3127074	1.0945423	203
160	0.6272249500445913	0.21454795429642137	0.06656376809164447	4.337931793910856	344	0.7180096984832652	5	-2.365495	-2.6316533	-5.212314	-2.9855487	-3.0597496	-3.2509522	1.131537	26
161	0.6343372039783198	3.660424564603277	0.10893899049599741	9.749352787103238	192	0.11226953076168619	8	-2.6186345	-2.6230326	-5.2471166	-3.011109	-2.9531257	-3.2906036	1.1087319	119
162	0.6612895909420687	4.680780355372259	0.10143283995127798	5.511157849310741	326	0.019584071809806192	7	-2.6718376	-2.606405	-5.252003	-3.0614443	-3.0441158	-3.327161	1.0959785	247
163	0.9649010287460168	2.177441374283315	0.03805396779950306	9.427142074365369	103	0.10325920664872723	3	-2.597225	-2.5600848	-5.2419224	-2.973997	-2.9979036	-3.2742264	1.118777	75
164	0.9882657114641034	2.716525590904114	0.0253839433944397	9.028758312873906	138	0.002117865014269559	6	-2.6135828	-2.550829	-5.241912	-3.0106325	-3.013932	-3.2861774	1.1144574	105
165	0.8541785682916885	4.159054760085415	0.054970251239925653	2.2298668337135394	370	0.06508885668546657	2	-2.7143142	-2.5784156	-5.245947	-3.0377963	-2.9922812	-3.3137507	1.0969181	209
166	0.9965939818235631	4.5240760503221775	0.031066328339613376	1.3450834882624925	315	0.0001569282073995738	7	-2.6789694	-2.610377	-5.2419252	-3.092943	-3.0211184	-3.3290668	1.089582	251
167	0.6098042744010421	0.1959756197935666	0.01033799271588683	3.3529637066710114	63	0.6696042242001932	8	-3.0437875	-3.061093	-5.33287	-3.614022	-3.4935694	-3.7090683	0.9426924	298
168	0.651494968546546	3.8897671902548705	0.03342200472478746	2.051426115868523	298	0.00014248657822621665	2	-2.5500531	-2.5801518	-5.2220807	-3.0525599	-3.0153341	-3.284036	1.1086009	99
169	0.7438615345318121	0.1300595850511429	0.07012745510643618	7.785909280254155	201	0.001060994147148123	7	-2.6115303	-2.6385276	-5.209802	-2.9867606	-2.9675982	-3.2828438	1.0915607	96
170	0.838737934739511	1.7811130463026197	0.02076037823172376	1.5838713434233536	91	0.017426714842335427	5	-2.6610386	-2.6787994	-5.2356653	-3.0819938	-3.0494378	-3.3413873	1.0773469	270
171	0.8147349242110544	1.1401514821720966	0.010986101548388893	3.797766707406309	78	0.00045655242748029296	6	-2.9584382	-2.9514914	-5.2992787	-3.442784	-3.4018495	-3.610768	0.9725115	293
172	0.7343239496533839	3.5154941154470274	0.052890018601599996	5.25439564929506	142	0.23795076375402327	4	-2.6162617	-2.6108763	-5.2314444	-3.0575192	-3.0645735	-3.316135	1.0938221	220
173	0.9125698191504596	1.2851542819325974	0.02978603135363704	8.128729640793534	322	0.001478082565029757	8	-2.5973034	-2.5594697	-5.238114	-2.9749572	-2.9941936	-3.2728076	1.1173548	70
174	0.8209936289503906	1.1957068281060867	0.06435501046736207	7.053124678147574	299	0.5268099840146466	5	-2.5774674	-2.6534376	-5.226129	-3.014488	-2.9915833	-3.2926211	1.0984575	125
175	0.7482503992714774	4.72893251639564	0.0792928072171493	7.991530871074579	385	0.0005112044550192716	8	-2.6704745	-2.6415102	-5.253794	-3.1390834	-3.0931869	-3.35961	1.0837576	277
176	0.8132757449622325	4.840377188525233	0.09063964313138315	4.765954136694084	376	0.018566929569948456	2	-2.674223	-2.608458	-5.227121	-3.0238597	-3.0992196	-3.3265762	1.0835886	246
177	0.9230328151737206	1.2668187461299936	0.01857026746072071	5.6231453834717415	252	0.037461608844294815	3	-2.5594347	-2.563304	-5.2296524	-3.004587	-3.0658107	-3.2845578	1.1130631	101
178	0.9740048383129363	4.075978007321245	0.1401131285250651	1.6565582984089078	331	0.4090350522357939	2	-2.6807182	-2.6240032	-5.231094	-2.967105	-2.9831333	-3.2972107	1.0932509	146
179	0.8875445949846268	3.2381404087442864	0.15190372490283027	6.822334694766189	327	0.0001848615727487279	10	-2.5801663	-2.555018	-5.263893	-3.0491657	-3.1254184	-3.3147323	1.1205297	213
180	0.9358297148018737	2.187155173445178	0.03083886477475302	2.8662332757719624	69	0.00011784716865315681	10	-2.6265426	-2.6284487	-5.243781	-3.0011075	-3.0565095	-3.3112779	1.098954	194
181	0.8809831202094246	3.528119425438613	0.08043163541125865	7.1034918408848915	218	0.0015091683250858432	6	-2.6209013	-2.6011755	-5.223863	-3.0936072	-3.1556969	-3.3390489	1.0847324	263
182	0.7289487667912837	1.0380140577625956	0.03267969301207504	2.408340878536749	163	0.15579630677036807	6	-2.4755728	-2.6662037	-5.2136917	-2.9345121	-2.9837093	-3.2547379	1.1143352	34
183	0.8312206994960958	3.000734546199338	0.0889581343837938	3.3488599478483843	243	0.0006252989155807456	5	-2.552819	-2.6189833	-5.226071	-3.0452683	-3.0197387	-3.2925758	1.1039668	124
184	0.9446605547618314	3.804452956342757	0.07511815587640189	5.987072416641613	115	0.004083371309593106	9	-2.5688336	-2.5809603	-5.2363415	-3.0744307	-3.103596	-3.3128324	1.1056303	204
185	0.9858606779340161	3.9744012407675107	0.012425780697875621	1.3693945171292485	68	0.10441524765445136	6	-2.9616141	-2.9628882	-5.3053904	-3.5020337	-3.3984895	-3.626083	0.97064495	294
186	0.6618740164645858	2.4680685893533827	0.11347461191509273	8.735708631869846	85	0.3701986050069467	10	-2.5715432	-2.641794	-5.2298875	-3.0167964	-3.04996	-3.3019958	1.098983	165
187	0.6877402788003264	0.21977595552685517	0.016429457107243393	1.550123640722639	285	0.027260849534668313	3	-2.4970539	-2.630066	-5.2241673	-2.9275382	-2.9465425	-3.2450738	1.1230015	20
188	0.9752779331236052	1.031863951808287	0.010669613123624895	5.036377128233449	71	0.00130131075442639	7	-2.98218	-2.976609	-5.324531	-3.5008006	-3.4952855	-3.6558812	0.9681835	295
189	0.96273998637329	3.1470221093321538	0.06179649991625801	4.358005184962306	79	0.0003829815422711243	9	-2.5767965	-2.5591288	-5.234082	-3.0477958	-3.0810294	-3.2997665	1.1095204	154
190	0.8533510230590446	3.033693689475965	0.04834731976342613	1.4778583726055707	76	0.029165268625744558	7	-2.5987477	-2.632439	-5.235196	-3.062393	-2.9732924	-3.3004136	1.1006329	157
191	0.928092058621202	0.4124327855895784	0.01246245538671213	2.9140061954318397	95	0.00038497941879517354	7	-2.8355618	-2.8319936	-5.2640142	-3.2399507	-3.240549	-3.4824138	1.0164707	289
192	0.6901214984497973	1.3759510495144964	0.08993646081050743	5.748221738745865	133	0.3161136446706067	2	-2.5051024	-2.6156912	-5.2313676	-3.0814092	-3.0425694	-3.2952282	1.1117846	137
193	0.620621644721434	4.246687740485478	0.013860174091771104	7.434450139458173	372	0.4369314943227419	6	-2.6056483	-2.6221454	-5.2327795	-3.0764241	-3.0425837	-3.315916	1.0945581	218
194	0.8958986087778789	0.2062973291783771	0.17512617006202294	1.4043833651634352	299	0.013623078114253931	3	-2.5022748	-2.6997566	-5.263973	-2.9300098	-2.925681	-3.264339	1.1318676	49
195	0.9990701584951595	2.2216914356635447	0.012294468171882053	2.4851878046063476	307	0.3028171543293608	6	-2.542627	-2.6045957	-5.2423677	-2.9614255	-2.9857237	-3.267348	1.1222817	54
196	0.6961206746082881	1.669757400363253	0.07492529394372265	1.1046719812561703	117	0.0019907497085571366	4	-2.4523406	-2.6192513	-5.2214355	-2.9399698	-2.9704287	-3.2406852	1.1285508	15
197	0.949441129937891	4.539811727317052	0.03491801049664801	9.968947917919587	383	0.010795176147286385	9	-2.6628814	-2.6119986	-5.251856	-3.0932875	-3.0613184	-3.3362682	1.093404	259
198	0.9635694436802541	2.86684988245654	0.07947148339244126	1.540880019714932	353	0.02046241207507307	8	-2.5673726	-2.6211421	-5.246157	-2.9359725	-3.0268202	-3.2794929	1.1169332	86
199	0.8313689412830023	2.948035967483855	0.016146552253227232	8.625710058641735	281	0.0011317513982852937	4	-2.5975304	-2.567577	-5.228652	-3.0485907	-3.0167613	-3.291822	1.1059726	121
200	0.668032773190006	3.1778280255478015	0.020422379324819176	7.861354816523588	382	0.2330626990059878	2	-2.5849679	-2.6222718	-5.2339835	-3.0763116	-3.044957	-3.312498	1.0983148	201
201	0.6501165968207957	2.942993437993125	0.036923908093584944	8.717618405844616	141	0.0004552930838249013	7	-2.5134425	-2.5662138	-5.227552	-3.0396204	-3.0237434	-3.2741146	1.1195241	73
202	0.9868646865014468	0.7844711813981642	0.10582603244276784	2.729537340676678	330	0.2894466395784353	2	-2.6896741	-2.6219594	-5.253826	-3.0158796	-2.9897766	-3.3142235	1.0983652	210
203	0.9888042693974479	1.3224954238067408	0.19325635291335666	2.452349279094231	97	0.00017821296868925055	10	-2.4877229	-2.6087549	-5.246401	-2.914819	-2.9101174	-3.233563	1.1406571	8
204	0.8128534294147792	4.834088575471786	0.11173767545989559	8.285315076004693	252	0.4326431562543576	9	-2.6378965	-2.7415469	-5.216288	-3.093159	-3.0103385	-3.3398457	1.0654998	265
205	0.6645433100976078	4.567504801345539	0.029434800455008184	3.6220555970104065	87	0.0001014706563549057	5	-2.5520997	-2.6024387	-5.2200274	-3.080069	-3.0388203	-3.2986908	1.1010253	150
206	0.6912131332668554	0.7231130945954141	0.1774310332669081	4.846963354040216	175	0.006726049416361517	2	-2.5309703	-2.696825	-5.2636094	-2.9927042	-2.9849417	-3.2938104	1.1185358	130
207	0.8788670224813525	3.7121759773016296	0.012748430971286915	5.130271976569269	177	0.010897376315656387	5	-2.6277962	-2.6140068	-5.2309012	-3.055609	-3.1141198	-3.3284867	1.0886971	249
208	0.7341687784526257	4.516756258343726	0.17416869672848978	9.277314501342577	334	0.00196504371348195	7	-2.5781975	-2.63524	-5.2621546	-3.0498595	-3.0311718	-3.3113246	1.1121098	195
209	0.7449215812018577	4.944816396722445	0.1478149834365675	9.369338863674493	83	0.00015364006015283237	8	-2.583058	-2.587042	-5.2447934	-3.0474823	-2.998712	-3.2922177	1.1134151	123
210	0.6283335132543176	3.565999483580812	0.051802523072627435	9.632760360859598	212	0.0036330913992198757	9	-2.5576885	-2.5732071	-5.243417	-3.0738983	-2.929473	-3.2755368	1.122669	79
211	0.8849185150686466	3.135339772118302	0.059601933859623306	2.714747596474672	58	0.03149686466934344	4	-2.5772665	-2.6380653	-5.231836	-2.9204957	-2.9911017	-3.2717533	1.1099485	68
212	0.6375269271518357	3.1134096998647047	0.06189428314740262	1.3355692722388297	105	0.000944103974082092	7	-2.4675474	-2.652106	-5.229185	-3.0218563	-3.0221462	-3.2785683	1.1165537	84
213	0.8153756520955923	0.46026340002473687	0.13089190079078175	1.7206025791420534	381	0.0014415445342001827	8	-2.5760684	-2.6604612	-5.2452464	-2.9065845	-2.8753119	-3.2527344	1.1226126	28
214	0.7990596529357712	2.7127935215816565	0.16512732125663357	1.3147575029652367	131	0.021357016093381757	3	-2.626041	-2.597684	-5.248283	-2.9377632	-2.9962409	-3.2812023	1.1141132	93
215	0.8192578786987287	4.444046557927787	0.04759230478822254	7.941503630506238	90	0.014089379466852575	8	-2.6786056	-2.6020916	-5.2353024	-3.0874062	-3.0718348	-3.335048	1.0850941	257
216	0.6742607020568961	1.3923209014728712	0.03923029844040208	7.81601211488759	314	0.08108731710707297	7	-2.4875782	-2.5769556	-5.232414	-3.073941	-3.0171828	-3.277614	1.1231238	82
217	0.7629101376395642	4.972557149100844	0.16811173900804915	5.565479448841591	223	0.0003803312914765376	8	-2.5690348	-2.6064563	-5.235239	-3.1087523	-3.0746126	-3.318819	1.1006893	226
218	0.9097251572769547	3.2286838974092076	0.04747369307503033	9.798444508575809	224	0.0022980794611642415	8	-2.6387115	-2.5991275	-5.239653	-3.0131364	-3.0122628	-3.3005779	1.1018009	158
219	0.8486483981583048	1.0571041353646564	0.010286023110073404	9.182875872209937	169	0.011953541342699601	8	-2.6659656	-2.6774857	-5.2582316	-3.1794705	-3.117258	-3.379682	1.077076	283
220	0.8719259556826238	3.387246286305688	0.07518741898469074	9.931278995200552	329	0.008730078201109616	5	-2.612213	-2.6016476	-5.2501106	-3.0332084	-3.0092883	-3.3012936	1.1089817	161
221	0.7286652993270551	0.561895608863774	0.15844300915600681	1.8754951549909973	81	0.23041573656889142	6	-2.54973	-2.7008495	-5.2366595	-2.8745084	-2.9441726	-3.261184	1.1149731	43
222	0.7106423380373279	3.629155810760348	0.06841261794326395	7.219886288861226	74	0.00010059841868636311	4	-2.606183	-2.53631	-5.2448306	-3.1970656	-2.9958827	-3.316054	1.1122909	219
223	0.9358743554665602	0.7925614418234908	0.17777787199081196	9.566080489891089	257	0.6083032978249511	6	-2.5764685	-2.5377696	-5.227851	-3.0190253	-2.953213	-3.2628655	1.1195328	48
224	0.9167694363491287	3.1742746833396076	0.07898260478826186	6.449532355460994	263	0.0003394847621596603	4	-2.5811465	-2.5602918	-5.226171	-3.0637448	-3.14625	-3.3155208	1.1013974	215
225	0.7485587001078111	1.9904113145129032	0.013348531207394937	1.0639270366476037	400	0.0023235635986593836	6	-2.5617726	-2.6180282	-5.222962	-2.9863737	-2.9883475	-3.275497	1.1068349	78
226	0.6692822872261859	3.3358173097549355	0.10322384850119702	4.066304555765908	152	0.20079596072894382	10	-2.5780747	-2.638583	-5.2286143	-2.9809105	-3.0234203	-3.2899208	1.1018176	118
227	0.8703189960071454	0.5380290455725057	0.1699693246931312	3.3397272442984804	342	0.009841235074889616	4	-2.4945047	-2.591124	-5.25531	-2.8002439	-3.0707402	-3.2423844	1.1467655	17
228	0.9371007329642378	2.453148679867411	0.11172612546631865	8.111293126206824	247	0.00036533265034590696	2	-2.584088	-2.67081	-5.219653	-3.0333061	-3.0339515	-3.3083618	1.0880069	185
229	0.9703645914063559	4.111930810766291	0.0779070422855369	5.39096730594651	68	0.015478558990908685	2	-2.6201084	-2.569966	-5.2318983	-3.064706	-3.1100585	-3.3193474	1.0973836	229
230	0.8161398269116994	0.5011971766381904	0.05133180790750219	5.245176977926121	184	0.35103320743545247	4	-2.5551116	-2.5524776	-5.2112265	-2.9962065	-3.0398605	-3.2709763	1.1093	64
231	0.9145671010856786	1.1447483201712316	0.011059623767657385	2.8337264123924237	163	0.006446175056511679	3	-2.6781638	-2.6916783	-5.246938	-3.0684748	-3.0342944	-3.3439097	1.0795679	271
232	0.6400705168622588	4.989455144663755	0.028908140657500712	1.5723457498778544	373	0.06162126337376075	2	-2.582776	-2.5930233	-5.222485	-3.0648017	-3.0259962	-3.2978165	1.1000623	148
233	0.7354025010209313	0.646925248374812	0.018834387957329578	8.157977250023015	135	0.5704054725064039	8	-2.499726	-2.6102836	-5.235609	-3.044427	-3.0115001	-3.2803092	1.1190778	90
234	0.8282052498807382	4.171218962863534	0.06813803992309755	2.3418182956011737	310	0.00046719535565160257	6	-2.6642857	-2.6157403	-5.2330847	-3.008218	-2.950266	-3.2943192	1.0973206	133
235	0.8803613896275122	4.483285213484628	0.1747521936689216	8.958943336741118	325	0.0007213158498723829	10	-2.6725085	-2.5440447	-5.233899	-3.123217	-2.9609363	-3.306921	1.1012671	182
236	0.8046980247085146	0.6751812101129558	0.033815228136127085	9.868815886137082	366	0.0006251358412445468	3	-2.5100873	-2.5161474	-5.236834	-3.0369835	-2.9512484	-3.25026	1.1366781	24
237	0.7947018721977445	0.5940601154640436	0.16627209902790355	1.5379844047058713	94	0.1166572560128003	7	-2.4879642	-2.7179239	-5.235632	-2.8127487	-2.836284	-3.2181106	1.1362001	5
238	0.7400258431142578	1.8978289638362442	0.02478543623506115	2.7933137375325474	232	0.06907695845450122	5	-2.5493762	-2.6077516	-5.2317176	-2.9627304	-3.0033584	-3.270987	1.1148671	65
239	0.6681349640706911	3.044249401974561	0.06493888833424474	7.169990326170044	192	0.000996063152243111	4	-2.5179558	-2.588793	-5.234759	-3.118218	-3.0727324	-3.3064914	1.1118886	179
240	0.9409906559358658	1.2392552645034527	0.14691055096367991	9.776460511096454	57	0.07874536798403468	4	-2.5601053	-2.645642	-5.257166	-2.9896522	-2.9661777	-3.2837486	1.1194372	97
241	0.6890080202268349	1.870761608089909	0.010551413342472447	7.251101019463713	69	0.0003740129128161158	2	-3.0077972	-3.0190384	-5.3188477	-3.5788357	-3.4908211	-3.683068	0.95138377	296
242	0.9470591524986545	4.835190686639932	0.03947163696746306	3.7968166981628304	147	0.12272082069692415	8	-2.7030919	-2.6581817	-5.2243404	-3.1006103	-3.0411751	-3.34548	1.0686114	274
243	0.7468532898676544	0.5216009581659166	0.016742166483374645	5.8789608741768555	327	0.0002387966512166007	4	-2.4983091	-2.609333	-5.2234087	-2.9278982	-3.01381	-3.2545516	1.1213013	32
244	0.6300190506719111	1.9923912467721232	0.01050892281500923	6.618481035729974	287	0.0014137123904362921	3	-2.540222	-2.559207	-5.2271705	-2.9968293	-3.015666	-3.267819	1.1188837	55
245	0.9343757814748421	1.482341577147169	0.038926509744429995	3.538723173548494	182	0.18043705862242465	9	-2.5945132	-2.652961	-5.2328157	-2.888869	-3.0373518	-3.2813022	1.1054877	94
246	0.9676103728050921	4.883090185844707	0.05446308744545959	1.2175492049097987	72	0.5003090896556596	5	-2.6961648	-2.5881999	-5.235821	-3.0637586	-3.0320559	-3.3232002	1.0889894	239
247	0.977359294532154	2.6226197290417614	0.04568786517298439	8.248525197493507	168	0.2424710580326133	3	-2.6139574	-2.5419025	-5.2215147	-3.0221617	-2.9958253	-3.2790723	1.1073743	85
248	0.9821228228895913	3.1374225206896202	0.024172445991075767	6.343931918727626	279	0.001137135064484465	2	-2.6217785	-2.5497015	-5.2201557	-3.0280797	-3.0976422	-3.3034718	1.0982667	171
249	0.6194626931665772	0.37310077966482236	0.01664070732751976	5.344505516771685	316	0.005051657940314791	8	-2.4824824	-2.5671234	-5.225248	-2.943144	-2.9775014	-3.2391	1.1319044	12
250	0.8996746104518557	1.6223414927746556	0.16958176479425757	4.262069299264583	252	0.07927124773363985	2	-2.5737412	-2.5862083	-5.248378	-3.042309	-3.0274146	-3.29561	1.115094	139
251	0.8827565027822064	4.287838846366216	0.14047033129559303	6.026290055851503	115	0.003455047119428624	2	-2.668777	-2.5686216	-5.233219	-3.0203118	-3.1276531	-3.3237164	1.0926813	241
252	0.8763238517441856	4.219317240841846	0.14781880010175175	7.327376644018952	249	0.0064244588478649615	9	-2.6926432	-2.5920098	-5.226179	-3.1200643	-3.1003084	-3.346241	1.0772489	275
253	0.9640939321535352	0.2510156497887487	0.010857493018733917	2.9190298837925135	266	0.028556243622433912	2	-2.594445	-2.6676943	-5.2301364	-2.9153821	-2.9354424	-3.26862	1.1066791	56
254	0.839780340507127	1.6689483924453803	0.01137608752113832	6.954692712852794	371	0.08589420833220954	6	-2.5863447	-2.5584197	-5.2180867	-3.0197806	-3.0904095	-3.2946084	1.1023393	134
255	0.6794508138654665	0.19482781408265662	0.013366402541999386	6.768264561493539	91	0.001070134548831678	2	-2.8246522	-2.8085935	-5.256003	-3.322533	-3.314471	-3.5052502	1.0103788	290
256	0.8367729375163704	1.4378456770934342	0.041215090505593896	4.712482237771083	272	0.0041080090379790315	6	-2.5235426	-2.617032	-5.2378125	-2.9486527	-3.0306218	-3.2715325	1.1198668	67
257	0.901456701713715	4.689020341983151	0.09967618251979624	9.354036469857196	220	0.0025024071231473963	2	-2.6796572	-2.6094086	-5.2416863	-3.0309775	-3.037746	-3.3198953	1.0921377	231
258	0.9255552701764107	1.2575839007956795	0.02660049236145579	8.897927329087718	73	0.3017279091833646	2	-2.6969857	-2.6574671	-5.231379	-3.0745492	-3.1377208	-3.3596203	1.0684204	278
259	0.8296253957762064	3.7113714379706737	0.028165911275188138	2.883591793547851	246	0.24064408262921294	10	-2.6239586	-2.6147194	-5.227089	-3.0195498	-2.9910367	-3.295271	1.097077	138
260	0.8721660899570479	3.14778883248697	0.010441683284042585	5.407720283064485	342	0.0037591555620501444	9	-2.5999615	-2.5739505	-5.226578	-3.01491	-3.0897596	-3.3010318	1.1016326	159
261	0.7651187966978912	2.766986566947297	0.010335765287429207	7.764126437080196	249	0.00010312362082906308	9	-2.623718	-2.6096413	-5.2399607	-3.0401998	-3.0441442	-3.3115325	1.0988281	198
262	0.6091263783330582	4.699053310627395	0.05865687246711558	5.718860271079405	348	0.0009067806065682233	2	-2.520377	-2.6153653	-5.221893	-3.0948336	-3.053134	-3.3011208	1.1037706	160
263	0.9506855104895661	1.9787383895758688	0.14607466749969655	6.7197306162233215	376	0.06238438364628839	6	-2.6091833	-2.619117	-5.22902	-2.9986527	-3.1337156	-3.3179374	1.0930233	224
264	0.719924079094772	4.474911914189809	0.056773450451733855	2.103550124116985	248	0.12040628870034259	5	-2.583066	-2.6204636	-5.230169	-3.0881522	-3.0001655	-3.3044033	1.0995452	175
265	0.8910436706666982	1.0271856162513222	0.011291983472770157	2.709779237608445	392	0.00027868042049587885	3	-2.5615575	-2.5928752	-5.228908	-2.8968203	-2.8750477	-3.2310417	1.1275383	7
266	0.8312551473547802	1.0089107456844002	0.010583880947464666	1.6179641391860766	55	0.0003901343713773981	9	-3.0564828	-3.0780156	-5.33871	-3.6283543	-3.489843	-3.7182813	0.9399438	299
267	0.9391046087405331	2.62750576982271	0.041757620673749066	1.3524563318831375	88	0.06065890863701542	6	-2.559942	-2.6181767	-5.234119	-3.037755	-2.9474976	-3.2794979	1.1117907	87
268	0.8130630768518605	0.9133739710427996	0.06259253368461336	5.071700880485985	84	0.0009372226906740548	5	-2.6294599	-2.6360793	-5.2470813	-3.0026975	-3.038675	-3.3107986	1.0997314	191
269	0.6040292601463139	1.9770068242908587	0.02820243773533876	1.84927021930543	171	0.00013404183581972192	2	-2.5304596	-2.593477	-5.23363	-2.9963863	-2.9965966	-3.27011	1.1191583	60
270	0.8846281934366899	4.520220492811961	0.05684717957876704	4.318882620456895	187	0.38447925614332207	5	-2.657059	-2.6048005	-5.2107406	-3.0760317	-3.1012623	-3.329979	1.0761936	253
271	0.8285797973370295	3.3408114314756947	0.024046820839098832	6.960729119397465	314	0.0192186824251394	2	-2.5911293	-2.5927835	-5.2307277	-3.100967	-3.0599985	-3.3151214	1.0984573	214
272	0.6996788315350304	3.646814901617385	0.025258052714661427	5.723891599368057	263	0.15455044511791438	7	-2.5667212	-2.6016235	-5.2304325	-3.063366	-3.0452843	-3.3014855	1.1037279	163
273	0.6315515269906388	4.259460893749931	0.08394895370247202	9.23253505466169	178	0.06535171186326827	6	-2.5980377	-2.6281872	-5.244332	-3.04938	-2.946923	-3.293372	1.108125	129
274	0.9161613726777164	1.8565182963603424	0.03687474681261437	4.2049988297950325	338	0.5936149233774581	3	-2.581708	-2.5622673	-5.231053	-3.0042279	-3.0518827	-3.2862277	1.1109965	107
275	0.7550857112035063	4.095698723605574	0.028287830260522753	6.60902337043339	99	0.6259834969414567	7	-2.6394708	-2.590289	-5.22512	-3.0293446	-3.0823052	-3.313306	1.0915397	206
276	0.6401899113685431	0.6142813237597088	0.020232328049014012	1.631203199398075	380	0.001344173102308821	8	-2.493665	-2.6100578	-5.2271967	-2.933571	-2.9561107	-3.2441201	1.1266322	19
277	0.8728389753705388	3.5728093994510375	0.07776292575024572	7.951479954503789	358	0.05987217544804679	5	-2.5990074	-2.6061857	-5.2091265	-3.122246	-3.0770602	-3.3227253	1.0835416	238
278	0.9725210913338935	4.285527003023635	0.04836053053157832	7.78744988378034	262	0.00344555439838747	9	-2.6750393	-2.5934994	-5.23513	-3.0943522	-3.0735803	-3.33432	1.0865213	256
279	0.8295122114836554	4.799330735324616	0.019528051144249964	2.351112304960453	92	0.31888798025466675	5	-2.7113318	-2.6677814	-5.2436905	-3.1738498	-3.1126118	-3.381853	1.0655622	284
280	0.6869154291749906	0.26409041034544045	0.013629316778368605	7.044176269668309	204	0.01778339631593997	5	-2.5356295	-2.6045687	-5.2258534	-3.0584066	-3.0690315	-3.298698	1.1054981	151
281	0.8528293419470221	2.4675869386810327	0.02905174692148435	9.603582200223169	242	0.5148171779866932	8	-2.5550308	-2.57049	-5.2369685	-3.043261	-2.9429734	-3.2697449	1.1211396	59
282	0.9139709610153948	1.9905266578887104	0.01170886226479697	4.471546327564983	385	0.0013351422916002805	7	-2.5987682	-2.604564	-5.230376	-2.9819965	-3.0334036	-3.2898216	1.1037878	117
283	0.763585468286337	4.007321728316802	0.17973082593201714	5.169991474819324	209	0.45960136453082057	6	-2.579408	-2.5687363	-5.2085056	-3.0203145	-3.0975428	-3.2949014	1.0972097	135
284	0.8093606795958836	2.781711890909264	0.03571035716998881	4.588328524532866	377	0.0012402854588165115	8	-2.5957255	-2.5751657	-5.2186236	-3.0345502	-3.0475059	-3.2943141	1.0996089	132
285	0.8364684995807828	3.9609126571200344	0.036809307059874605	4.37342027861008	395	0.15541649199682206	9	-2.6358826	-2.6204352	-5.223231	-3.0459316	-3.0234237	-3.3097808	1.0888346	188
286	0.6958681798655626	1.4689176938493878	0.042135575500415315	3.145218690227115	320	0.04664939060953748	2	-2.4773753	-2.5736003	-5.219689	-2.9745855	-3.02682	-3.254414	1.1246893	31
287	0.8119281582439059	4.436149311968855	0.011429102553183539	2.5072320335936635	322	0.12705931744280158	7	-2.665805	-2.6169295	-5.2364335	-3.059436	-3.0247357	-3.320668	1.0897326	234
288	0.921913325247357	4.213069470086869	0.15320243080971863	5.340778175383175	301	0.18934178950752048	4	-2.6614404	-2.6203632	-5.2380404	-3.0785785	-3.1039422	-3.3404732	1.0845438	266
289	0.8646381115783972	2.6216779164209836	0.018936280188290463	3.276103352593163	113	0.01994951069649062	10	-2.6245213	-2.6332223	-5.2356615	-3.0099494	-3.0816832	-3.3170075	1.0929312	222
290	0.7370744684698651	1.9470752977669044	0.0977255812129287	2.7338523478402412	185	0.009019287820342479	5	-2.5101197	-2.593443	-5.222035	-2.9239845	-2.9502542	-3.2399673	1.1250602	13
291	0.8850104731677508	0.3473272612895014	0.052627957502137016	5.537572233926309	378	0.8825465278712586	5	-2.50126	-2.555977	-5.2190537	-2.9665284	-3.1321452	-3.2749927	1.1192156	76
292	0.8154684954713536	0.398112019214637	0.026306168782214895	4.748148046098693	165	0.0013171338324386305	9	-2.5213463	-2.6026237	-5.218345	-2.9581654	-3.0014036	-3.2603767	1.1147695	42
293	0.723769084270295	0.4214162459793811	0.01467746399536123	3.950643447383589	76	0.9559490154294144	5	-2.873324	-2.8677177	-5.2712507	-3.3820622	-3.3513665	-3.5491443	0.99420303	292
294	0.6186850293430037	3.0742354545944743	0.1506084299890027	1.463738940987294	133	0.00011679610087600853	3	-2.5553365	-2.64843	-5.2450557	-3.057389	-3.0077698	-3.3027961	1.1075342	169
295	0.8992921862133941	1.5156245783760376	0.016897674120212928	5.955768977047615	166	0.002064429154066661	7	-2.5558248	-2.5909023	-5.22944	-2.9905233	-3.0670109	-3.28674	1.1100153	110
296	0.8841539289553452	3.4224285276356885	0.024849750435697326	2.0880232247668573	257	0.00011468871085737459	6	-2.6297731	-2.5860083	-5.2226286	-3.0009043	-2.9641728	-3.2806973	1.1018013	92
297	0.7124456749293755	4.877287512891753	0.13805774899150647	3.5416037916264145	383	0.1449563685714165	3	-2.6834252	-2.63891	-5.235694	-3.0022526	-3.0116332	-3.314383	1.0879902	211
298	0.7523279007181836	4.326157372912652	0.0917237002938525	3.8639629270664977	216	0.0033899479504807878	2	-2.5579622	-2.6355093	-5.2331023	-2.9938788	-2.9807787	-3.280246	1.1093595	89
299	0.663514027523917	0.8273270579205322	0.011804791498404268	3.9185781227855565	279	0.35296486552914486	3	-2.5603557	-2.6026776	-5.2370796	-2.9336681	-2.9749565	-3.2617478	1.1200609	44
