	param_regressor__regressor__C	param_regressor__regressor__epsilon	param_regressor__regressor__gamma	param_regressor__regressor__kernel	param_regressor__selector__estimator__n_clusters	split0_test_score	split1_test_score	split2_test_score	split3_test_score	split4_test_score	mean_test_score	std_test_score	rank_test_score
0	0.1421073623993574	1.3172711156111805	0.015561310098067912	poly	603	-3.262568772158136	-3.082132134673216	-5.451753580668324	-3.5340304789035684	-3.490711913345544	-3.764239375949758	0.8593557218655618	90
1	9.036058293737208	0.142555337175474	0.032033347004714594	rbf	542	-3.08273142148404	-3.0487686812367416	-5.365124255651789	-3.679119258997486	-3.577167692227171	-3.750582261919446	0.8462260301354891	89
2	0.34425317961148044	0.09989183779852141	0.24897169764256202	poly	891	-2.910754083611661	-2.6816812644125227	-5.368542599281506	-3.222189690333036	-3.1044237203758565	-3.457518271602916	0.9729278928311206	58
3	0.5779393515080472	0.0018354619576988673	0.0027588494169594486	poly	944	-3.163186069069169	-3.176405751559254	-5.398615323911635	-3.676042865259818	-3.553001917648942	-3.7934503854897637	0.8277839887129963	92
4	0.26715955239073574	0.06434219125545071	4.52928968709807	poly	612	-2.9265049699572523	-2.456460997504687	-5.352180528950797	-2.9923499624739667	-2.9235544700512635	-3.3302101857875934	1.029009039375626	24
5	1.5889046459932465	6.317103633551272	0.0014174716941154197	rbf	538	-6.831716546749993	-6.58037912450887	-6.377512214158339	-6.711456882101414	-6.793151174510289	-6.65884318840578	0.16492165431815564	178
6	6.5804675185866905	0.003409398635747367	0.041405964302421175	rbf	839	-3.4010972351109405	-3.429981347879791	-5.448287462151405	-4.008082969587189	-3.8200044702648808	-4.021490696998841	0.749839560628292	123
7	2.1778425655735942	0.07430387087024326	0.0010574149626882932	poly	928	-3.399590932601954	-3.4458350564524376	-5.466163005588441	-4.013030752565368	-3.8301072019732922	-4.030945389836298	0.753852647325743	130
8	0.555609136573991	0.08120908540703026	0.006752303101068003	poly	948	-2.9004682343683346	-2.687743163330499	-5.355962627181678	-3.2427037306618853	-3.0996033297716346	-3.457296217062806	0.9675947063282665	57
9	3.4458392459817504	0.018029293506528536	0.07296702896376615	poly	856	-2.8982555454139827	-2.650550742735373	-5.363993816617754	-3.1914369088869736	-3.072252114288471	-3.4352978255885107	0.9813644537827632	49
10	0.8047961036030006	0.02581745708433915	0.19364099872591067	poly	911	-2.8939634076412526	-2.673839190848051	-5.363263357074259	-3.2210632080420547	-3.091185061958974	-3.4486628451129184	0.9750210502123347	55
11	0.8282967470784516	0.7538700503068642	0.011613393605749771	poly	829	-3.054472504024004	-2.878775461671035	-5.387992850406484	-3.4079398989614496	-3.291113945069214	-3.6040589320264376	0.9107028954992993	73
12	0.22956371190350477	0.9214578870454095	0.012938091500262379	rbf	902	-3.320444076600642	-3.2903549542829955	-5.408020112566937	-3.858002385545022	-3.697834412678166	-3.914931188334753	0.7775856007427889	100
13	1.8567769547510444	0.12348801342720354	0.011869430783275346	rbf	512	-2.222803956048234	-2.406772911049882	-5.246394602955625	-2.9593445023670792	-2.8447136068901777	-3.1360059158622	1.089542974793737	2
14	0.15294126982859024	0.6879827907535506	0.04185313399238152	rbf	642	-3.3544366379443127	-3.3534944667814943	-5.420357808338076	-3.9295424322674255	-3.752728905017863	-3.962112050069835	0.7630291661702886	107
15	8.14585445288028	0.5390827280939187	0.00018435013219322157	poly	804	-3.3855419701212264	-3.4014356194428457	-5.438812585889995	-3.980450484823873	-3.7953521986677172	-4.000318571789132	0.7547558604162756	114
16	1.5317552398482512	0.008719300172377112	6.6812080802976785	poly	995	-2.8816689776215236	-2.6758993358526375	-5.35378789671792	-3.2293370522251528	-3.089418243392382	-3.4460223011619235	0.972139143764871	53
17	4.97509939450379	0.07749897974315541	1.612068806581509	rbf	960	-3.392028073185122	-3.4168280172447902	-5.442607676426311	-3.9948771925421585	-3.8080954997282963	-4.010887291825336	0.7519437808924403	117
18	0.4144453913207415	0.07111898938872147	0.5119599681990566	rbf	649	-3.468405180037333	-3.513077345009829	-5.490827052493947	-4.090804951938478	-3.8959276927030584	-4.091808444436529	0.7374530028544178	147
19	0.18782449835627982	0.023667158474847416	0.004189197622268239	poly	600	-3.4140098286992737	-3.476558466954693	-5.477430063508609	-4.04052196116808	-3.844225194553799	-4.050549102976892	0.7501075752486167	134
20	0.2142904421487462	0.04566748452635582	0.01740216521544932	rbf	690	-3.460910066331342	-3.5017048691085484	-5.491653839308656	-4.079403057778588	-3.892075910921999	-4.085149548689826	0.7410327113906323	144
21	3.915447467808021	0.12290244195914835	0.020097937013251212	poly	606	-2.9152990399929424	-2.4682546570331088	-5.357264740214099	-3.0143821870177616	-2.925492821182336	-3.33613868908805	1.0283420144426032	27
22	5.9508349320949865	0.5008124070343285	1.005530492433656	poly	505	-2.7989295230349684	-2.5808370700640064	-5.350045863498401	-3.050191937021515	-2.8851062161115757	-3.333022121946093	1.019808178303763	25
23	0.1205900898851218	3.1819027317917037	0.002414434133743	rbf	682	-6.831716546749993	-6.580379124508874	-6.377512214158339	-6.711456882101414	-6.793151174510289	-6.658843188405783	0.16492165431815523	192
24	3.922129363239759	0.7395523630830766	0.0005441740900330933	poly	576	-3.348013183435774	-3.344753299720753	-5.4170095295643526	-3.918740510184747	-3.7433480480038703	-3.9543729141818993	0.7647764677896124	106
25	0.13756379238218916	0.02680911720728221	1.1591716495135143	poly	658	-2.869365013167727	-2.4952593987969593	-5.356111632951543	-3.036269282004095	-2.9336930167197712	-3.3381396687280196	1.02538875556819	30
26	1.5838311313512836	0.8177962835568138	1.276844592405299	poly	896	-3.0757683112522907	-2.9214241328594417	-5.38674388889055	-3.4315862605468097	-3.341263057703579	-3.6313571302505343	0.8964518325374012	76
27	0.10334430538642785	0.04797636442260973	0.020686217668581752	poly	730	-2.8638061015592498	-2.5719052804669937	-5.363550946185707	-3.140234768748236	-3.0155768159612695	-3.3910147825842913	1.004353779167883	35
28	1.2102755623608206	0.26982550948899525	1.3876053798982517	rbf	889	-3.390932810762326	-3.415040459732029	-5.441622430266368	-3.9928099181059955	-3.8061732508830644	-4.009315773949956	0.7521439122844715	115
29	0.18042458207871773	0.008350696457448297	0.19760229548803449	poly	545	-2.9216242834478954	-2.419927685922903	-5.36289845843943	-2.9265629611456823	-2.759037095008792	-3.278010096792941	1.058576763212063	9
30	0.280644977190694	0.19927386782171544	0.0007040745038916636	rbf	852	-2.9594144072333735	-3.0262090642203003	-5.348165859370566	-3.568380591777755	-3.41187957445907	-3.6628098994122125	0.8731933893099634	82
31	5.175487359646688	0.0013636308503605895	0.046049405172526856	poly	957	-2.8883087195467776	-2.671694824493077	-5.354273762395998	-3.2215285403547527	-3.080264258084623	-3.443214020975046	0.9732613299698454	51
32	8.918244246312398	0.01250357987441862	0.000700656760565742	rbf	548	-2.3550398218278312	-2.2254175196401884	-5.270827180364768	-2.8964909255706672	-2.6441295942388607	-3.078381008328463	1.1206469288089376	1
33	6.582106841335655	0.0061678181107763085	0.016130532833861864	poly	838	-2.890990382083489	-2.6478113172619997	-5.370694765275758	-3.196010583401028	-3.0431206954225485	-3.429725548688965	0.9872257029019949	46
34	4.905579491298164	0.004710871103680863	0.21127339664358957	rbf	527	-3.4009665003083955	-3.429960237398321	-5.448198447355694	-4.008059641094468	-3.81985815232235	-4.0214085956958465	0.7498385974160229	122
35	1.257269098859059	0.00455896895813939	0.00015053726595545727	rbf	754	-3.1270272589226407	-3.219960424680808	-5.392728111454143	-3.7753705687609904	-3.609564234862913	-3.824930119736299	0.8197421413300767	94
36	4.128019050943744	0.001510306332662274	0.00010992146937797433	poly	628	-3.513103308468999	-3.563954339719967	-5.518274200510152	-4.140900469897466	-3.9422821671300396	-4.1357028971453245	0.7298587073109405	170
37	0.13404313340691656	0.003962280465200586	0.00013060260531039573	poly	802	-3.51237369587794	-3.5631798754716235	-5.517971096419839	-4.140220475304654	-3.941734432902441	-4.135095915195299	0.7300177545405812	168
38	2.4739550490614564	0.05107565820746477	0.0004708171707493306	poly	644	-3.498650369893637	-3.547340957000393	-5.509486004878867	-4.124846540126029	-3.9267267535024417	-4.121410125080274	0.7324006000292413	158
39	1.5159738453734293	5.789560193199018	9.178856829849568	poly	912	-6.831716546749993	-6.58037912450887	-6.377512214158339	-6.711456882101414	-6.793151174510289	-6.65884318840578	0.16492165431815564	178
40	0.1049928715645097	2.1016544126433634	4.296004116605359	rbf	996	-4.490824570611745	-4.180275011439494	-6.2774694308963594	-4.449370534718044	-4.524491180305356	-4.784486145594199	0.7563342065618569	175
41	3.4904762645796765	2.9160578559551094	0.1117053546353273	rbf	834	-6.831716546749993	-6.580379124508874	-6.377512214158339	-6.711456882101416	-6.793151174510288	-6.658843188405783	0.1649216543181552	192
42	0.11163645890966015	0.012200591351420572	0.002432752421257838	poly	524	-3.50422790657969	-3.5554334463082666	-5.513530053521253	-4.131900743831078	-3.932405419777123	-4.127499514003483	0.7314217409034032	161
43	6.6286777815089515	0.0013236009392247987	0.2305712465960206	poly	847	-2.887163190766142	-2.649611346561293	-5.366761579162869	-3.189948814825432	-3.054694855526381	-3.4296359573684234	0.9852107923417622	45
44	0.5266971732953328	0.04703251153824083	0.0008072748921741217	poly	850	-3.49431035869795	-3.542914741715029	-5.507754317846224	-4.119998798430353	-3.9223165490246132	-4.117458953142834	0.7334062218796197	156
45	1.1748529774355074	0.018542809121931868	0.4846634816056355	rbf	910	-3.4410706423504194	-3.4833128242940834	-5.4735864999853945	-4.060903367817841	-3.868417700797818	-4.065458207049111	0.7416770287187275	139
46	0.24267019433062978	0.026184487147821633	0.0077961586290102745	rbf	853	-3.336623311256733	-3.4103537224939258	-5.459774645465195	-3.9853133687497295	-3.807347600489189	-3.9998825296909546	0.7688984269025623	113
47	6.8773069808799265	2.052930647450518	0.00034228173228470786	rbf	544	-4.185586422458448	-3.869671331893418	-6.135025216868038	-4.193483127382866	-4.272203914653977	-4.5311940026513495	0.8136898559113009	173
48	0.2919726632075885	0.06372567022661219	0.0024076088499918585	poly	934	-3.3479243369137466	-3.394570250844169	-5.446460395832733	-3.949673514299843	-3.7746453939278752	-3.982654778363673	0.7662647973563238	110
49	7.001745261557827	0.03388789210745716	0.17809086492916018	poly	633	-2.935264148251971	-2.462822589678825	-5.3459530284117145	-3.0198344959250263	-2.9179510220520073	-3.336365056863909	1.0234905077029888	28
50	3.1908553894847316	0.001764661134230019	0.5298078251041669	rbf	568	-3.4025523017116743	-3.432697316558589	-5.448857211469942	-4.010729530220837	-3.8220662160890475	-4.023380515210018	0.7492670575804733	125
51	1.611087408380421	0.014135779707142039	0.23006263633125337	rbf	591	-3.424477846266099	-3.4632255185626204	-5.462759304053261	-4.040604540458526	-3.849410921531349	-4.048095626174371	0.7445504990166373	133
52	0.10193429389044685	0.003862252461107198	0.00015252490263240043	rbf	593	-3.492823468550361	-3.5457702587984703	-5.5103471367875665	-4.120878490409492	-3.9216517034953764	-4.118294211608253	0.7342320652159585	157
53	0.335151321983418	0.27351783040654054	0.0005514088049759099	rbf	886	-2.9302589207324714	-2.9678507265191074	-5.344554344999265	-3.543645938929248	-3.380793479880652	-3.6334206822121486	0.8873869785545697	78
54	2.770459945625788	0.011758497521089959	0.0008403865136673708	poly	904	-3.4547368244197663	-3.5051818041935987	-5.493243097409388	-4.076844791199006	-3.885914975869305	-4.083184298618212	0.742462699734879	142
55	0.1520784616778988	0.0033012511364147287	0.2500252312155922	rbf	533	-3.5019823125074283	-3.552009849544785	-5.511614118555006	-4.129056789718065	-3.931329317023263	-4.125198477469709	0.7316682389231227	159
56	0.6016254608708175	0.444000018163497	0.00011282820257781227	rbf	737	-3.2260923454439983	-3.249729634963137	-5.4105568615895345	-3.8292885096853784	-3.641887039078617	-3.871510878152133	0.8032869190705617	98
57	3.195012641213954	5.622804590177462	0.2390139027657896	rbf	775	-6.831716546749993	-6.58037912450887	-6.377512214158339	-6.711456882101414	-6.793151174510289	-6.65884318840578	0.16492165431815564	178
58	3.5534920835433366	0.18205703650784696	0.0033045359825427884	poly	533	-3.1627731989283148	-3.173242745948865	-5.401284500923638	-3.573911142810648	-3.435981717943066	-3.7494386613109065	0.8406947056541679	87
59	0.4266380714545808	0.0014193478350830457	0.06994325257016473	poly	581	-3.0163032472371456	-2.4466266100649294	-5.353762044018953	-2.947058054929072	-2.8523863093819997	-3.32322725312642	1.034301409629755	20
60	0.5577822704854759	0.5236898500418199	0.00040782312296738164	rbf	677	-2.937701867962239	-2.923430829152978	-5.334870722522198	-3.5036739754702806	-3.3268742531548208	-3.605310329652503	0.89329686679092	74
61	1.844620049279079	0.013289876642006941	0.002275188642326579	poly	629	-3.3399411968819743	-3.405025526796116	-5.45275842946693	-3.935955901916655	-3.7625746115693066	-3.9792511333261955	0.7692202787179494	109
62	0.2552804814999663	0.01460296505633498	0.054469069211980504	poly	543	-2.931608265859958	-2.417116052367149	-5.3583404968483155	-2.926163189256278	-2.752145082519679	-3.277074617370276	1.0572826719063408	8
63	1.0881992803010851	0.8596649353273025	0.000197180677635327	rbf	584	-3.0075449224376487	-2.981548595159421	-5.348618921468355	-3.564037108132694	-3.396880092256479	-3.659725927890919	0.8735981210827883	81
64	1.4641583530836466	0.3252601077470603	0.3766262001850868	rbf	737	-3.375017647395493	-3.391503324803203	-5.4317202200083115	-3.9689031228086535	-3.7845711868819567	-3.9903431003795236	0.755989979287341	112
65	2.83120582546896	7.6178422551754865	0.007741576063203932	poly	579	-6.831716546749993	-6.58037912450887	-6.377512214158339	-6.711456882101414	-6.793151174510289	-6.65884318840578	0.16492165431815564	178
66	0.5125388627695291	0.26269645567099986	0.06529113366073787	rbf	924	-3.4211280534376645	-3.452898793059467	-5.460596559908729	-4.031725511262624	-3.8416352931255293	-4.041596842158803	0.7463496732805956	131
67	2.417608787061243	0.05334800388259037	0.0007935741257486481	poly	631	-3.4901400607979562	-3.5394384116462976	-5.505504024821711	-4.115594339321866	-3.918072231817853	-4.113749813681137	0.734029374472775	152
68	0.7013471708643154	0.3389452127747052	3.3159971846085368	poly	678	-2.9021556094820293	-2.624313642172083	-5.346671891250856	-3.158682946369363	-3.0714444981918603	-3.420653717493238	0.9801142354834614	42
69	0.27750624948811686	0.00646233982538273	4.388010202537054	rbf	767	-3.49239479583268	-3.541604571106764	-5.505841675948865	-4.118801140908101	-3.9218353043717418	-4.11609549763363	0.7332368203278079	153
70	0.6718896332030712	5.302549454616128	0.0029707185470082068	rbf	947	-6.831716546749993	-6.58037912450887	-6.377512214158339	-6.711456882101414	-6.793151174510289	-6.65884318840578	0.16492165431815564	178
71	2.7197161044679485	0.5694627886141538	0.002109275442945657	poly	734	-3.1308662141543655	-3.0832802673525843	-5.381326262265483	-3.6296451755187213	-3.4851134231658207	-3.742046268491395	0.8453876145026439	84
72	0.35036349091806107	0.012726358293932549	1.6343629981281906	rbf	849	-3.4858445083102976	-3.5343202377545566	-5.5018710935192	-4.111635944134401	-3.9152040676944413	-4.109775170282579	0.7343337505867086	150
73	2.4211277565102294	0.006126602469922924	0.00021855604437033522	rbf	977	-2.683386027969313	-2.5792711797740706	-5.286208013900762	-3.2014265060944136	-2.927919400965323	-3.3356422257407763	0.998648482889881	26
74	8.422947243939397	7.150856347458733	0.009040157645591494	rbf	658	-6.831716546749993	-6.58037912450887	-6.377512214158339	-6.711456882101414	-6.793151174510289	-6.65884318840578	0.16492165431815564	178
75	0.2966356429946385	0.6223451255990042	0.0015220994017040087	poly	894	-3.3344915648510125	-3.340121491370517	-5.416305652878499	-3.9116912664467356	-3.7372333571856315	-3.947968666546479	0.7677983157671127	104
76	0.13549840149077996	2.590375523261521	0.1390996986299137	rbf	925	-6.314351370348704	-5.818547600264644	-6.377512214158339	-5.816232258976472	-6.100017012595715	-6.085332091268775	0.23732820552833953	177
77	1.078252492076483	0.054732342851069725	2.2484227647279704	rbf	587	-3.438130822434691	-3.4788232135413564	-5.471652807458418	-4.056595048467388	-3.8644834146364033	-4.061937061307651	0.7423571846145244	137
78	0.16541948578448978	0.6082956906830594	2.8575378199323924	rbf	912	-3.3670798190330737	-3.374431773756641	-5.427600319945044	-3.9517170597273124	-3.7711151248306964	-3.9783888194585537	0.7592562870926166	108
79	0.8779638605110246	0.022851235263582455	0.021016903889113113	rbf	750	-3.4360053339654097	-3.4750809022988927	-5.475803155324949	-4.054880009019449	-3.869424427039605	-4.062238765529661	0.7446231894971469	138
80	0.6346186552001818	0.010921552367842008	0.00018864298747136278	rbf	556	-3.3725343687487985	-3.4360442370167212	-5.461706989177762	-4.003919584451442	-3.801382533933068	-4.015117542665559	0.7598247302769943	119
81	2.316152687739667	0.048753537819585795	0.00718471249005393	poly	930	-2.8874673662832686	-2.6813503766613396	-5.356504834517823	-3.2299838973777657	-3.083253335937632	-3.447711962155566	0.972101837969957	54
82	2.3360441406204457	0.0028398975840475786	0.1682795801476952	rbf	905	-3.4083166594140426	-3.4416334728292757	-5.45232789525975	-4.0196343923390785	-3.829532690501925	-4.030289022068814	0.7477935755570359	129
83	6.53686047754562	0.9859888151287804	0.012390392993978264	rbf	633	-2.932221231404355	-2.8949890311928677	-5.315412746388821	-3.431899642826576	-3.3689207903374307	-3.58868868843001	0.8906879860839787	71
84	1.9643732747602154	1.2651431159939075	0.02437442392631996	poly	878	-3.296598278068401	-3.1348655242037613	-5.458712880462348	-3.609696197807052	-3.545062217404472	-3.808987019589207	0.8423717186452152	93
85	0.9385706002415828	0.42629038835954014	0.5054468348577008	rbf	568	-3.372179185485037	-3.3861081987966806	-5.430351301225788	-3.9631627762789243	-3.7802800931142913	-3.9864163109801445	0.7570519399800245	111
86	4.759830814274017	4.525637401257857	0.0005985538956792478	rbf	833	-6.831716546749993	-6.58037912450887	-6.377512214158339	-6.711456882101414	-6.793151174510289	-6.65884318840578	0.16492165431815564	178
87	0.3689863040163876	0.9174595452720549	0.00013846881140012386	rbf	907	-3.1753450280278086	-3.1396029163917816	-5.3798790004941255	-3.7104047529636777	-3.5479680506180933	-3.7906399496990972	0.8238258502065473	91
88	3.851498301842927	0.8688556531511129	0.000347471474476659	rbf	674	-2.593954245172112	-2.5433508001167087	-5.296531156192142	-3.144598353537758	-3.0414717611295345	-3.3239812632296513	1.0144226233997966	21
89	0.2990070720155443	1.7027485725136926	0.030594556308760276	rbf	603	-3.7231706579593395	-3.5340534004458357	-5.69286439455969	-3.967858150726855	-3.9223580331598846	-4.1680609273703215	0.7778649720311792	171
90	2.9382000049533548	1.704715101958558	0.3122523747235111	poly	707	-3.710742471490465	-3.4891194881144503	-5.702586434885643	-3.8829537657749023	-3.8818719250204796	-4.1334548170571885	0.7977559157469527	165
91	0.3641994432554421	3.2407734497216136	0.012048191140335885	rbf	792	-6.831716546749993	-6.580379124508874	-6.377512214158339	-6.711456882101414	-6.793151174510289	-6.658843188405783	0.16492165431815523	192
92	0.610622189633478	2.33981471496521	0.42179893674002805	rbf	843	-5.243564869916578	-4.84789992240879	-6.377512214158339	-4.990732715930124	-5.160293401544753	-5.324000624791717	0.5442234857890363	176
93	0.263786503074306	0.36331715462517	9.56113902576956	rbf	616	-3.4113840401570803	-3.438329329898005	-5.454470897929594	-4.017467379375509	-3.8287200881413206	-4.030074347100301	0.7486718731914221	128
94	0.6262592509997543	0.0010478235584960665	0.024373828689228508	rbf	606	-3.380156040041592	-3.4040788925339935	-5.463409109501533	-3.984108632007707	-3.8248387556490817	-4.011318285946782	0.7630449792650318	118
95	9.947552164625154	0.0017938574717960673	0.0813828211352643	poly	748	-2.868540094599883	-2.5767940476887445	-5.364404972100827	-3.1314891298097893	-3.002708124659755	-3.3887872737717997	1.0048198705098703	33
96	7.602474089435792	0.002457506387932284	8.667067491425883	rbf	863	-3.4014247434332154	-3.430506642504032	-5.448491725375846	-4.008561424365917	-3.8203583978918703	-4.021868586714176	0.7497594985405773	124
97	0.9204212309099298	1.3253358580604075	0.44570329093455685	poly	831	-3.337150419466007	-3.167360710975634	-5.480531520643667	-3.6394729882470367	-3.5715662491985416	-3.839216377706177	0.837724259491183	95
98	0.4650563208501861	0.14475109226351265	0.004687491989526926	poly	953	-2.9455590324700203	-2.7888188666280094	-5.354548641580678	-3.319676048024982	-3.196840222763174	-3.521088562293373	0.9353858023105492	68
99	0.10075440929487245	0.12711075544410305	0.0001300113772626444	rbf	579	-3.4605357539756754	-3.507804781625234	-5.493314717314616	-4.08430459682799	-3.8872509079426414	-4.086642151537231	0.741019832577927	145
100	0.1143775391565687	8.780316200010056	0.00027128333055541045	rbf	555	-6.831716546749993	-6.580379124508874	-6.377512214158339	-6.711456882101416	-6.793151174510288	-6.658843188405783	0.1649216543181552	192
101	0.1399129164097045	0.04018223799085187	0.033102116926190486	rbf	731	-3.493684985506776	-3.5416989712510794	-5.506346951549958	-4.119188178034346	-3.922193687772388	-4.116622554822909	0.7331754780181806	155
102	1.3000626100539383	6.681901280361387	0.19905136913288812	rbf	719	-6.831716546749993	-6.58037912450887	-6.377512214158339	-6.711456882101414	-6.793151174510289	-6.65884318840578	0.16492165431815564	178
103	4.0841207778887405	0.9061016671796737	3.0898717969037377	rbf	999	-3.339960143041174	-3.2952198399130763	-5.415419921730166	-3.8545456916319947	-3.7010468096145397	-3.9212384811861902	0.7765686477436718	101
104	9.916888980495711	0.004757798184042942	0.004580239044640522	rbf	968	-2.4544548332092258	-2.656585700484659	-5.3050814116124965	-3.320029945464935	-3.104682123753234	-3.36816680290491	1.0163264006709172	31
105	4.685441097953961	8.892416339850644	4.546200395272402	rbf	801	-6.831716546749993	-6.580379124508874	-6.377512214158339	-6.711456882101416	-6.793151174510288	-6.658843188405783	0.1649216543181552	192
106	0.17178783856986363	0.6445378779910458	0.006510951220104382	rbf	577	-2.824859753562371	-2.8218320169376994	-5.277074843646539	-3.3992934417722775	-3.26943341978793	-3.5184986951413633	0.9094298121024096	66
107	0.8383644394229882	0.062218653058290614	0.0012715587793112482	rbf	565	-2.603179784034768	-2.571051926789634	-5.276993058200363	-3.1501009685801558	-2.9194042963401285	-3.30414600678901	1.0092236740575253	15
108	0.2754839739463636	0.029746014339928566	0.7271008302530435	rbf	529	-3.4868583892359113	-3.5348402648389676	-5.502328998583891	-4.1122694489238505	-3.9157318543847746	-4.110405791193479	0.73422594176187	151
109	0.4453942608777147	0.0019127624820897144	1.3806468481855936	poly	778	-2.8776894457538056	-2.6357648368556927	-5.3743893933892775	-3.1544462079459974	-3.027761818653947	-3.4140103405197437	0.9952842464972278	40
110	1.727265900377819	0.010250563677648403	0.26503321729086193	poly	552	-2.9729981558640186	-2.4392563869128763	-5.353964011557585	-2.932026891226401	-2.792706411202553	-3.298190371352687	1.044922251131502	13
111	0.3080370796132492	0.08982901792576257	5.596089145639465	poly	995	-2.8941767604314395	-2.6962823514045557	-5.353974761616072	-3.245354368300944	-3.1093497844891034	-3.459827605248423	0.9653589130573402	59
112	0.4728246091255094	5.8034695156817575	0.011929158749202562	poly	516	-6.831716546749993	-6.58037912450887	-6.377512214158339	-6.711456882101414	-6.793151174510289	-6.65884318840578	0.16492165431815564	178
113	0.1349957048849101	5.4024533314128185	0.23667680647001713	poly	833	-6.831716546749993	-6.58037912450887	-6.377512214158339	-6.711456882101414	-6.793151174510289	-6.65884318840578	0.16492165431815564	178
114	6.734026314091314	0.004655231554223503	0.003713623061923269	poly	718	-2.8574562938747112	-2.5971741784387303	-5.368208576198657	-3.1334589909154285	-2.9984568857464615	-3.3909509850347974	1.0044500516215513	34
115	5.1395936350164275	2.9498870220525224	0.0008564313983664655	rbf	876	-6.831716546749993	-6.580379124508874	-6.377512214158339	-6.711456882101416	-6.793151174510288	-6.658843188405783	0.1649216543181552	192
116	0.44731604642399925	0.015722831866087993	0.128570488352838	poly	505	-2.930076495649631	-2.580701859985551	-5.38728651415076	-2.936543448192524	-2.716468942701292	-3.310215452135951	1.0471948804331457	17
117	0.6082443209235187	0.0039144150396781836	0.008197308174433557	poly	694	-2.88000791915461	-2.6061882384801534	-5.335169778804285	-3.1342763613132267	-3.0018251935008613	-3.3914934982506266	0.9873399997461958	36
118	1.4148753903118014	0.6363114718448649	5.04413971515306	poly	976	-3.0148403473365355	-2.8588161498037574	-5.369250504003626	-3.3842087947458235	-3.2729424885796194	-3.5800116568938725	0.9136243709046882	70
119	3.597766239746199	0.009895458604297566	0.2910136930629566	poly	852	-2.8847979010735627	-2.6543410234110123	-5.366641955294104	-3.1949888288418777	-3.0684774101573757	-3.4338494237555865	0.9833950358692705	47
120	1.1264287830198099	5.5668367594441	0.00038825577825745295	poly	938	-6.831716546749993	-6.58037912450887	-6.377512214158339	-6.711456882101414	-6.793151174510289	-6.65884318840578	0.16492165431815564	178
121	0.21138173154538595	0.0017360813247060162	1.163571046417571	poly	508	-2.970295165089669	-2.488487669002017	-5.39218118342855	-2.9284423857385864	-2.715719965353194	-3.2990252737224033	1.060557694325343	14
122	1.841590331221252	0.005423812677671975	0.8584622021424484	rbf	905	-3.418986374536637	-3.4562524576811824	-5.459031222144582	-4.033745127978786	-3.842622444353439	-4.042127525338925	0.7455257361985878	132
123	4.009567299717035	0.4042121596520936	6.911938191374634	poly	783	-2.946869859896078	-2.7420991369490184	-5.371686017153038	-3.2546558186710226	-3.146934033431343	-3.4924489732200996	0.9558388432099734	63
124	0.16572827141088695	0.03554171210782218	3.7147094017504965	poly	834	-2.8965343704521334	-2.654376204543956	-5.37066576343161	-3.2059539122935448	-3.0456805314761617	-3.4346421564394816	0.9849011940863007	48
125	0.13676678657678498	0.001979714002532629	0.060374904037699025	poly	982	-2.88190138026675	-2.6731148235059736	-5.354206726559018	-3.2200325479331484	-3.084660309405527	-3.442783157534083	0.9734872963864998	50
126	7.269968450452219	0.2488070659475931	0.13137223732783596	poly	550	-2.932728636276149	-2.4935975033297124	-5.342296227747642	-2.981131874516568	-2.8589718585549067	-3.3217452200849955	1.0246917149204444	19
127	1.3101487226387907	0.0036670984578121985	0.0007200095354886108	rbf	761	-2.5733693249856104	-2.486043261187817	-5.268735283348449	-3.131997819668318	-2.8902184460647624	-3.270072827050991	1.0254856217976835	7
128	4.212073318966985	0.35926765671790734	0.0001617530348053352	rbf	888	-2.527441959847753	-2.425268322563931	-5.282909459324687	-3.012759961455067	-2.8341911721291377	-3.2165141750641153	1.054378171799181	6
129	0.6992415902924091	0.016126225824197704	0.00010000751106313931	poly	810	-3.5096276436094724	-3.5597496011749414	-5.516097607573487	-4.136838779891516	-3.938430935327148	-4.132148913515313	0.7304842697769983	163
130	0.12690531246426065	0.26505119707091673	0.010311856623770651	poly	942	-2.9331888901790264	-2.7385690208262434	-5.358763508700746	-3.2821975318029883	-3.1461860295625925	-3.4917809962143194	0.9516657220109113	61
131	1.1387946783560914	0.054440340968323904	0.021625372753356027	poly	512	-2.9307462814676035	-2.458999256575775	-5.382765120263344	-2.9393489553663747	-2.738193754922171	-3.2900106737190535	1.0608239821084102	11
132	1.4816524723264466	0.15069188443226547	9.753989585314262	rbf	771	-3.4041012386681277	-3.434594726522558	-5.449659333404236	-4.012307729599434	-3.8235049034715853	-4.024833586333189	0.7489337893585257	126
133	1.1844572681107477	1.9885138150541912	0.000427042744527592	poly	928	-4.214949200667554	-3.941540981006509	-6.061357483393344	-4.263502514375867	-4.299414319108023	-4.55615289971026	0.7630684845280558	174
134	0.5511645290843916	0.05314165845793435	0.06347604578382715	rbf	962	-3.464776111002354	-3.5094884176948073	-5.488649666862434	-4.087107490446644	-3.892631079318223	-4.088530553064892	0.7379798859412562	146
135	0.9498836223243123	0.06328364676838943	1.7497464555369122	poly	740	-2.8769141495027832	-2.5807099357249967	-5.363974335029753	-3.142166641516982	-3.0288658022263126	-3.398526172800166	1.0006256020846531	38
136	0.6210225982678288	5.1443284311641735	0.002077061663171515	rbf	742	-6.831716546749993	-6.58037912450887	-6.377512214158339	-6.711456882101414	-6.793151174510289	-6.65884318840578	0.16492165431815564	178
137	2.9852671531269968	0.7443821589533264	1.3357705342380355	poly	800	-3.042742645128515	-2.8684256331675426	-5.387689820636304	-3.3921604761031867	-3.277412382759072	-3.593686191558924	0.9152739946242344	72
138	0.35145300658730344	0.16906812981378716	4.707358210429273	poly	949	-2.9129825459733354	-2.709808621927092	-5.356201357456323	-3.2579338053810103	-3.119884773747895	-3.471362220897131	0.9605684151148931	60
139	0.1356550257503221	0.032991559539326615	0.0004389509658581016	poly	795	-3.5052254218614864	-3.554523463162505	-5.513333269224079	-4.131752667115101	-3.933726937313843	-4.127712351735402	0.7312492696729509	162
140	2.1375178277449045	1.5136114800533265	0.00018384666428532335	rbf	916	-3.341604830847086	-3.154170967154559	-5.496745602691962	-3.63429226094756	-3.6059223962312306	-3.8465472115744803	0.8438553036585144	96
141	0.22780323152002072	0.4712500671232905	7.527203847883942	poly	928	-2.9690995762391186	-2.8010021421081333	-5.361437470845817	-3.329674073996136	-3.209452362090914	-3.534133125056024	0.9319877920862426	69
142	1.342787614871376	7.650000308302373	0.008263808827499969	poly	987	-6.831716546749993	-6.58037912450887	-6.377512214158339	-6.711456882101414	-6.793151174510289	-6.65884318840578	0.16492165431815564	178
143	0.46765314159947396	0.06808197460907248	4.970183439034937	poly	584	-3.007583130322941	-2.4530145481982695	-5.350419520944959	-2.9618319227149628	-2.8722815031613487	-3.3290261250684963	1.0295824760025571	23
144	0.8107077603773178	0.001149900517172347	0.04519725692077694	poly	847	-2.8871417970244484	-2.64956234412128	-5.366760064909397	-3.18991080199612	-3.0546424220659976	-3.4296034860234483	0.98522615276627	44
145	4.102118472906977	0.02431219068613245	0.3785505135891199	poly	738	-2.8679533127406027	-2.569416625130975	-5.369800421867743	-3.1372433432764977	-3.0164364784381084	-3.3921700362907856	1.0068675797829514	37
146	6.794362817953099	0.014488865189905399	1.1521636389080703	poly	658	-2.8706523422796635	-2.4924337001326324	-5.356346878874456	-3.0337971125539513	-2.930492155061529	-3.336744437780447	1.0262275071683482	29
147	0.11625267677503545	1.4869774329699583	0.00034895537028961665	poly	732	-3.5024800020257514	-3.371873914572476	-5.532959124871348	-3.8669595759039774	-3.772372669825895	-4.009329057439889	0.7824462927801994	116
148	0.11716652371947381	0.24920080003409595	0.00039810429496284124	poly	865	-3.4523262475414342	-3.489577881959872	-5.479912275395601	-4.068583052094996	-3.8749506445119293	-4.073070020300767	0.7408457946957757	140
149	0.2887425822285867	0.46929067601796887	0.012506300091910248	rbf	645	-3.0815414253413684	-3.0958661877395266	-5.352416853907185	-3.6786600513783645	-3.534392307141644	-3.7485753651016176	0.8359466013602713	86
150	0.3365485899717051	0.206244280089453	0.0003074324331538429	rbf	645	-3.246473788620204	-3.304551221305372	-5.425118744987895	-3.873864973932862	-3.677547355834258	-3.905511216936118	0.7946897878098196	99
151	0.5196691217748152	2.9508437969849735	0.003913558101848574	rbf	905	-6.831716546749993	-6.580379124508874	-6.377512214158339	-6.711456882101416	-6.793151174510288	-6.658843188405783	0.1649216543181552	192
152	7.861904458359206	0.6190832880337581	0.026153969345801897	rbf	637	-3.2603123706502553	-3.221568627507172	-5.3873312811182945	-3.807858103782459	-3.65607144247686	-3.866628365107008	0.792974989549521	97
153	0.12840610353765933	0.001977870797618376	7.337316423976689	rbf	621	-3.5039687566684767	-3.5542051748212575	-5.512818554441699	-4.131213049711954	-3.93333198503099	-4.127107504134875	0.7313384852143181	160
154	0.9628722797128835	0.23187322786397035	0.04204785149348592	rbf	732	-3.4069199765426275	-3.436557526386145	-5.451723266664965	-4.014980578389442	-3.8264058344559304	-4.027317436487822	0.7487776597403515	127
155	3.3641282192527355	0.003347544761937063	0.0025064432029451257	poly	755	-3.0289018260349465	-2.9738840304992555	-5.3919718130230745	-3.472725470297325	-3.331533158755074	-3.6398032597219347	0.8955098060407699	79
156	0.19355141857972089	0.3482726348400599	0.0013479217434877264	rbf	726	-2.9325811071733954	-2.972942955469324	-5.327270013538711	-3.5516964231838286	-3.37248442701358	-3.631394985275768	0.8799180145047267	77
157	5.9737536650180685	0.012305259333818722	0.5773996157690019	rbf	617	-3.4000596400618144	-3.4285576492683902	-5.447613018975697	-4.006625317253261	-3.818621523976306	-4.020295429907094	0.7500587673533554	121
158	0.12508097915321587	0.8238429939618008	0.00823009835656049	rbf	673	-3.1224870216901452	-3.099130032033086	-5.34471600411045	-3.6641700040571608	-3.519827578851651	-3.750066128148499	0.8271480516462258	88
159	2.0013886681372037	0.007338429909350238	0.02209739699782141	poly	797	-2.879246115661946	-2.643927572257807	-5.376585414115478	-3.1855337468378635	-3.0274910381815006	-3.4225567774109193	0.9931701448074116	43
160	9.291843888762568	0.013293218223054973	0.0017171442061096269	rbf	917	-2.252324784835152	-2.4750663123131225	-5.25296570178292	-3.0587673532594604	-2.826221058950921	-3.173069042228315	1.076505114945831	5
161	3.019773048812602	0.7688263356969949	0.12268984118757548	poly	529	-2.8809853612734706	-2.6684075704211803	-5.347076717798556	-3.1600865354567698	-3.0462220710971257	-3.4205556512094204	0.9773756742100137	41
162	1.2872923910953187	0.01697456099200582	7.7886010276133355	rbf	587	-3.4364438377389876	-3.4780446438911574	-5.470604551515494	-4.055621000698834	-3.863386616313167	-4.060820130031528	0.7424246978605983	136
163	0.1183892843490518	0.003327879547790368	0.0006107891229961909	poly	798	-3.5121324433777543	-3.5628954052772976	-5.517784186915009	-4.139860396074947	-3.9412786000068953	-4.134790206330381	0.7300563200433197	167
164	0.1104457403521049	0.003399169820772375	0.0012495832200337194	poly	561	-3.5116329934189197	-3.5624938886615207	-5.517553178770731	-4.139912696569514	-3.9406578208222873	-4.134450115648595	0.7301499119871129	166
165	1.0351799125526016	0.11427578855112099	0.00044251369123573565	rbf	663	-2.8033854543006904	-2.808716218994491	-5.308951296909001	-3.365498494402416	-3.173736361214146	-3.4920575651641492	0.9337743936729127	62
166	0.130640638966652	0.003007153028551187	0.1401393024899749	poly	696	-2.8767593586470377	-2.5589038175103354	-5.3461440287223905	-3.1086085147503355	-2.9813478875703456	-3.3743527214400886	1.002555715351933	32
167	0.2210322186844512	8.253767024522464	1.4283163361001092	poly	634	-6.831716546749993	-6.58037912450887	-6.377512214158339	-6.711456882101414	-6.793151174510289	-6.65884318840578	0.16492165431815564	178
168	1.061730671474219	0.2069129703454012	0.0002821961955377327	poly	937	-3.4618460091828687	-3.5017055326080353	-5.486032448864208	-4.080774845898629	-3.8858282450027257	-4.083237416311293	0.7390692743094397	143
169	3.5700688593606196	0.002527671550588521	0.0001483580579650094	poly	711	-3.512740057184659	-3.5635301805625965	-5.518101382839822	-4.140449657582483	-3.94190231467193	-4.135344718568298	0.729941154733197	169
170	4.556878244251503	8.971291600221065	1.7720372984309696	rbf	910	-6.831716546749993	-6.580379124508874	-6.377512214158339	-6.711456882101416	-6.793151174510288	-6.658843188405783	0.1649216543181552	192
171	1.1113132994012733	0.842045450393785	1.1240789268423774	poly	607	-2.9912979024583692	-2.7742470018105054	-5.3657402170663016	-3.2678992312900146	-3.203536428047368	-3.5205441561345117	0.9387366937088578	67
172	0.14816624581878468	0.7586291360884567	0.001459215785448077	rbf	735	-3.006728235519682	-2.976373476153341	-5.322550244525424	-3.572731254970155	-3.3929086234896917	-3.6542583669316584	0.8645196751328726	80
173	1.4089805251534224	0.0033698606222646826	0.7696478868297267	rbf	739	-3.4339892938512917	-3.4754295452909307	-5.469011498408674	-4.052896686310868	-3.860798535538027	-4.058425111879958	0.742784585532796	135
174	1.894369236767829	0.0012582732583723507	0.004980445905888749	poly	594	-3.033067000528529	-2.825202415277292	-5.364012742191842	-3.2650190640897923	-3.092986197337016	-3.5160574838848944	0.934613157541924	65
175	7.09601600873952	0.011460052944213569	0.0041601669520614165	rbf	673	-2.2183568516093395	-2.5232449625595352	-5.2326998485228655	-2.92643773219061	-2.9070935978067247	-3.161566598537815	1.0683383517166565	4
176	0.11778603526482505	0.476786934719803	0.0006212814179259274	poly	816	-3.3990831274943405	-3.4202087937818195	-5.446982957692106	-3.9998386141703164	-3.812319445870997	-4.015686587801916	0.7516664528340388	120
177	0.16433067773216692	0.03512740198099128	0.21819933414014878	rbf	834	-3.4933530745183647	-3.5416638819478203	-5.506166160437345	-4.11906115130146	-3.9219789865498016	-4.1164446509509585	0.7331801497137359	154
178	7.068717017171409	0.015140559865958856	0.007314843414968111	poly	769	-2.868270931074766	-2.62818334644957	-5.373443797637497	-3.1503277982737385	-3.0201902335336634	-3.4080832213938472	0.9979160432169963	39
179	0.41521219832345374	1.8145507653106734	2.117499642975801	rbf	562	-3.887577464548252	-3.6690651906825	-5.813034624226925	-4.062737157415316	-4.045976563468539	-4.2956782000683065	0.7717736751758045	172
180	0.4735879685458666	0.0018432804996855172	1.8320706275789456	rbf	695	-3.4806495547033434	-3.528817114174336	-5.498777511575151	-4.106069564665943	-3.910149414443517	-4.104892631912458	0.7351712433513556	148
181	2.056087263704691	0.14282784672618296	0.04083413835011673	poly	822	-2.908550959844499	-2.68883438163463	-5.373120770040187	-3.2233886848950637	-3.0785475398069067	-3.454488467244257	0.9757215324520505	56
182	0.10039407130172313	0.19425385920297358	0.6928479943317648	poly	569	-2.941641675304536	-2.4931448243891055	-5.353698686912788	-2.971707685127576	-2.8752681235654465	-3.3270921990598907	1.027775980895676	22
183	0.16777608173497374	0.7831949180944631	5.131880748449368	poly	908	-3.062116363475709	-2.907201778603928	-5.382296617687741	-3.4274924021869815	-3.3286550370942827	-3.6215524398097285	0.8996592507522037	75
184	2.758251474426638	1.2489996591966117	0.04003438658814199	rbf	879	-3.40105154378802	-3.3104948803843284	-5.45955817885846	-3.838821457574243	-3.715379388364436	-3.945061089793898	0.7818391952928279	103
185	6.404943521889511	0.03891620281253415	0.03132188275073257	poly	589	-2.9757464909348754	-2.4409513429730305	-5.356797198543498	-2.9571096816847824	-2.8633981421272496	-3.3188005712526873	1.0372991173728416	18
186	2.304007048293378	1.3709398095140697	0.00806136705281816	rbf	605	-3.167319014703264	-3.0458486904283157	-5.414563527619479	-3.5151814089984144	-3.493171870950331	-3.7272169025399613	0.8630901512334215	83
187	4.246630622205305	0.3408709488557067	0.0045323329944304035	poly	847	-2.944334301194557	-2.7400322072621486	-5.369248538511912	-3.267006948644358	-3.1498456004585784	-3.494093519214311	0.9546858065854514	64
188	0.2175909958638248	0.5143000052086883	0.003371998730085523	poly	994	-3.1282646645209407	-3.0967465962914935	-5.373063587169649	-3.637733890319148	-3.5002894629361276	-3.7472196402474713	0.8393510141219643	85
189	4.932604122085241	4.431199717784017	0.07048651181841617	rbf	920	-6.831716546749993	-6.580379124508874	-6.377512214158339	-6.711456882101414	-6.793151174510289	-6.658843188405783	0.16492165431815523	192
190	0.9753402245662797	0.0026953443317826453	0.044814330778662974	rbf	805	-3.4536620330942647	-3.498079348527209	-5.481692297154324	-4.075654352025314	-3.8821647306118106	-4.078250552282585	0.7395694105266295	141
191	0.6520087406185712	0.010934639788108777	0.007904201073511204	poly	966	-2.8833863087362714	-2.6750892387551004	-5.361533295473164	-3.222411636564807	-3.0842132616406697	-3.4453267482340024	0.9758057703706693	52
192	1.4648927429568388	0.057347381968463604	0.0015086589817422367	rbf	552	-2.4172838161015546	-2.3703145410455884	-5.260365876191026	-3.0019185286567556	-2.725405374731429	-3.1550576273452706	1.0770800687445188	3
193	0.12500256159524156	0.8325590177042783	0.8001549909870407	rbf	986	-3.339953622913187	-3.323095786918331	-5.412507808114258	-3.8942523785571184	-3.725408879965469	-3.9390436952936723	0.7690309914174173	102
194	0.21729375102641849	0.02778372770144958	1.2449424873438721	poly	514	-2.988000753789881	-2.454798848451779	-5.370025833632225	-2.932291634319779	-2.7394712741649045	-3.296917668871714	1.0531922767444242	12
195	2.7180611125177068	0.27127640976515555	0.000325161160226091	rbf	603	-2.6498114768056973	-2.5715019554871006	-5.2811460120234965	-3.147478185385002	-2.89140027562176	-3.308267581064611	1.0068037456944066	16
196	1.829747754019508	0.013221420543951848	0.0003206223292564221	poly	633	-3.5097880314855026	-3.5601065253392474	-5.516271950768249	-4.137250777242649	-3.938730221408156	-4.132429501248761	0.7304517190653941	164
197	0.1479799266885469	1.3298460827634098	0.12562062981907451	rbf	994	-3.4152155704023692	-3.317252192716192	-5.470720425383765	-3.8409384903974013	-3.7221327589271427	-3.9532518875653744	0.7826518772109569	105
198	0.25778061636194866	0.018775737292295844	0.003135887271868053	poly	512	-3.4806357392640876	-3.533837853734117	-5.502889575729758	-4.10487107609998	-3.9047011864671783	-4.105387086259023	0.7362433124301291	149
199	0.9353768851951219	0.04836527918191947	0.07689168204148467	poly	541	-2.9414242426535995	-2.4257704003406046	-5.357205482321148	-2.929901837266124	-2.742723284278114	-3.2794050493719182	1.0554958636733025	10
